# S-34, sensitivity to severe new periods (K1-K10): one row per scenario and variant, R replicates each.
# Written by study_severe_period. Variant none is the original panel. Shifts are extended minus
# original, in the original panel's SE units (medians over replicates without a Wald flag; logit
# scale for q); rel_* are medians of extended/original - 1 and *_ratio of extended/original ends,
# over all replicates. *_covered counts intervals covering the truth (not computed = not covering).
scenario,variant,added,added_count,replicates,unflagged,flagged_ext,q_not_computed,shift_pd_se_hex,shift_rho_se_hex,shift_q_se_hex,rel_pd_hex,rel_rho_hex,rel_q_hex,pd_lo_ratio_hex,pd_hi_ratio_hex,rho_lo_ratio_hex,rho_hi_ratio_hex,q_lo_ratio_hex,q_hi_ratio_hex,q_above_old_upper,old_q_below_new_lower,pd_covered,rho_covered,q_covered
0,none,0,0,1000,0,1000,0,nan,nan,nan,0x0.0000000000000p+0,0x0.0000000000000p+0,0x0.0000000000000p+0,0x1.0000000000000p+0,0x1.0000000000000p+0,0x1.0000000000000p+0,0x1.0000000000000p+0,0x1.0000000000000p+0,0x1.0000000000000p+0,0,0,983,995,995
0,1x1-in-100,1,0,1000,0,1000,0,nan,nan,nan,-0x1.861c979572850p-5,0x0.0000000000000p+0,-0x1.7c33867a495e0p-5,0x1.e79dfbe421a7ep-1,0x1.e494bfda9fd2fp-1,0x1.0000000000000p+0,0x1.0000000000000p+0,0x1.eb2fc0ea34854p-1,0x1.f0b68df1a7efbp-1,0,0,983,995,995
0,2x1-in-100,2,0,1000,0,1000,0,nan,nan,nan,-0x1.74612deee8ff8p-4,0x0.0000000000000p+0,-0x1.6b25debcc09b8p-4,0x1.d1737c31ee768p-1,0x1.cbc4c2584da1dp-1,0x1.0000000000000p+0,0x1.0000000000000p+0,0x1.d85364d9cb398p-1,0x1.e26147a88f155p-1,0,0,983,995,995
0,1x1-in-1000,1,0,1000,0,1000,0,nan,nan,nan,-0x1.861c979572850p-5,0x0.0000000000000p+0,-0x1.7c33867a495e0p-5,0x1.e79dfbe421a7ep-1,0x1.e494bfda9fd2fp-1,0x1.0000000000000p+0,0x1.0000000000000p+0,0x1.eb2fc0ea34854p-1,0x1.f0b68df1a7efbp-1,0,0,983,995,995
0,2x1-in-1000,2,0,1000,0,1000,0,nan,nan,nan,-0x1.74612deee8ff8p-4,0x0.0000000000000p+0,-0x1.6b25debcc09b8p-4,0x1.d1737c31ee768p-1,0x1.cbc4c2584da1dp-1,0x1.0000000000000p+0,0x1.0000000000000p+0,0x1.d85364d9cb398p-1,0x1.e26147a88f155p-1,0,0,983,995,995
1,none,0,0,1000,299,701,0,0x0.0000000000000p+0,0x0.0000000000000p+0,0x0.0000000000000p+0,0x0.0000000000000p+0,0x0.0000000000000p+0,0x0.0000000000000p+0,0x1.0000000000000p+0,0x1.0000000000000p+0,0x1.0000000000000p+0,0x1.0000000000000p+0,0x1.0000000000000p+0,0x1.0000000000000p+0,0,0,963,991,990
1,1x1-in-100,1,2,1000,299,747,0,0x1.29ee11af3ce95p-3,-0x1.8f955c5e26b50p-3,-0x1.34f727c479685p-3,0x1.865743fa589c0p-5,-0x1.379770943417cp-3,-0x1.5a4a8f384f628p-4,0x1.167a919190f8dp+0,0x1.009f430e7feffp+0,0x1.0000000000000p+0,0x1.b83d7d3d0c72ap-1,0x1.1032612323e22p+0,0x1.b4886e7fa5c50p-1,0,0,961,994,994
1,2x1-in-100,2,2,1000,299,802,0,0x1.1d2ac16c41416p-2,-0x1.70d5b976f8cf0p-2,-0x1.30c31d46ce937p-2,0x1.749d1a23eb610p-4,-0x1.28a6b24f8b55ap-2,-0x1.4d9e1946ac7a0p-3,0x1.2b3aa0f0ec844p+0,0x1.01eb04b35c4c6p+0,0x1.0000000000000p+0,0x1.7b31b4b74e3e9p-1,0x1.1fd2f47240df2p+0,0x1.79ec9d250ec52p-1,0,0,947,996,994
1,1x1-in-1000,1,4,1000,299,497,0,0x1.f3f463048d606p-2,0x1.0a5f5625d73cfp-3,0x1.f30439589497fp-3,0x1.2a46fed78f160p-3,0x1.3c6d7420358d8p-1,0x1.ceb5c35dfdcbap-2,0x1.2ccdd5e748ae2p+0,0x1.259fc8abe449bp+0,0x1.0000000000000p+0,0x1.2518b9dae0fdcp+0,0x1.3a635602cb739p+0,0x1.4e3f620080808p+0,0,1,940,983,983
1,2x1-in-1000,2,4,1000,299,312,0,0x1.de6c126497f83p-1,0x1.5e5f5914ce461p-3,0x1.8c9901a15e2e8p-2,0x1.1d28e61b3471cp-2,0x1.05dd177c39b58p+1,0x1.0b8134b9bb13dp+0,0x1.573fabc193e66p+0,0x1.45e147ad7740ap+0,0x1.0000000000000p+0,0x1.331d4d84460d0p+0,0x1.7398ff13943c6p+0,0x1.7fdb922c7070ap+0,0,53,857,978,973
2,none,0,0,1000,940,60,0,0x0.0000000000000p+0,0x0.0000000000000p+0,0x0.0000000000000p+0,0x0.0000000000000p+0,0x0.0000000000000p+0,0x0.0000000000000p+0,0x1.0000000000000p+0,0x1.0000000000000p+0,0x1.0000000000000p+0,0x1.0000000000000p+0,0x1.0000000000000p+0,0x1.0000000000000p+0,0,0,937,931,939
2,1x1-in-100,1,26,1000,940,0,0,0x1.370d998b49041p-1,0x1.0889dc6d2fc82p-1,0x1.43490f5c2f1d4p-1,0x1.3c8615d8595a8p-4,0x1.0dde7c70a85a0p-2,0x1.d000503d1b610p-3,0x1.10f425ca727d8p+0,0x1.1841319f2db3ap+0,0x1.7e85cfd1dd478p+0,0x1.2a28e703a83e0p+0,0x1.3d9d95e97adb8p+0,0x1.38da4498e5dfap+0,4,25,934,974,960
2,2x1-in-100,2,26,1000,940,0,0,0x1.2b24439d0558cp+0,0x1.c4ed652ed8ba0p-1,0x1.14341f1d089eap+0,0x1.2f5e50da0c600p-3,0x1.cd0c4fbac7af2p-2,0x1.a7f166637708ep-2,0x1.21dc2c326fb48p+0,0x1.2ce18d4c90e38p+0,0x1.df0f3e7efdf94p+0,0x1.45e1dd038a6a0p+0,0x1.712a88641c3a4p+0,0x1.65cab77b2353fp+0,33,175,866,939,906
2,1x1-in-1000,1,37,1000,940,0,0,0x1.f5944ff06acf4p-1,0x1.2c75cc766985dp+0,0x1.3513ad2968b4cp+0,0x1.fbf684f0a1300p-4,0x1.2c62c477e2f6ep-1,0x1.e813557cc72d4p-2,0x1.16b81f7150de0p+0,0x1.2dec1c56db19cp+0,0x1.0ed4324afbc84p+1,0x1.626792c0cb9cdp+0,0x1.7c0ea6fbdbed6p+0,0x1.8238c7c89e529p+0,52,229,912,914,879
2,2x1-in-1000,2,37,1000,940,0,0,0x1.e61c2c38a7722p+0,0x1.f9909e472c94ep+0,0x1.f94e1136c8ef3p+0,0x1.e9e94dbe548d8p-3,0x1.f9b2e96f5dcf0p-1,0x1.c25d87fa30e2ep-1,0x1.2edc325a110a7p+0,0x1.552fc593f1268p+0,0x1.6f5e730e5d6bep+1,0x1.a1fa178f4a7f4p+0,0x1.dfcb6feb2ebe4p+0,0x1.f091988519312p+0,303,700,768,699,448
3,none,0,0,1000,1,999,0,0x0.0000000000000p+0,0x0.0000000000000p+0,0x0.0000000000000p+0,0x0.0000000000000p+0,0x0.0000000000000p+0,0x0.0000000000000p+0,0x1.0000000000000p+0,0x1.0000000000000p+0,0x1.0000000000000p+0,0x1.0000000000000p+0,0x1.0000000000000p+0,0x1.0000000000000p+0,0,0,986,989,991
3,1x1-in-100,1,0,1000,1,999,0,-0x1.225fe49c89c07p-4,0x1.06c6985f22315p-5,0x1.3a3bd79821f6dp-7,-0x1.8fa27b6f4a3e0p-6,0x0.0000000000000p+0,-0x1.85583a87a01c0p-6,0x1.f382ce8d99e9cp-1,0x1.f3b713f2d8660p-1,0x1.0000000000000p+0,0x1.0000000000000p+0,0x1.f3d1e54ee9c0cp-1,0x1.f8b4bc7885c1dp-1,0,0,986,989,991
3,2x1-in-100,2,0,1000,1,999,0,-0x1.1b71fe69f18f0p-3,0x1.03709029cf871p-4,0x1.2e3d61e9ffc5cp-6,-0x1.861ee1728ee30p-5,0x0.0000000000000p+0,-0x1.7c33867a495e0p-5,0x1.e79de14513c48p-1,0x1.e80363ed8ca65p-1,0x1.0000000000000p+0,0x1.0000000000000p+0,0x1.e8365abe97fc1p-1,0x1.f19c76ae8e1edp-1,0,0,986,985,990
3,1x1-in-1000,1,0,1000,1,999,0,-0x1.225fe49c89c07p-4,0x1.06c6985f22315p-5,0x1.3a3bd79821f6dp-7,-0x1.8fa27b6f4a3e0p-6,0x0.0000000000000p+0,-0x1.85583a87a01c0p-6,0x1.f382ce8d99e9cp-1,0x1.f3b713f2d8660p-1,0x1.0000000000000p+0,0x1.0000000000000p+0,0x1.f3d1e54ee9c0cp-1,0x1.f8b4bc7885c1dp-1,0,0,986,989,991
3,2x1-in-1000,2,0,1000,1,999,0,-0x1.1b71fe69f18f0p-3,0x1.03709029cf871p-4,0x1.2e3d61e9ffc5cp-6,-0x1.861ee1728ee30p-5,0x0.0000000000000p+0,-0x1.7c33867a495e0p-5,0x1.e79de14513c48p-1,0x1.e80363ed8ca65p-1,0x1.0000000000000p+0,0x1.0000000000000p+0,0x1.e8365abe97fc1p-1,0x1.f19c76ae8e1edp-1,0,0,986,985,990
4,none,0,0,1000,485,515,0,0x0.0000000000000p+0,0x0.0000000000000p+0,0x0.0000000000000p+0,0x0.0000000000000p+0,0x0.0000000000000p+0,0x0.0000000000000p+0,0x1.0000000000000p+0,0x1.0000000000000p+0,0x1.0000000000000p+0,0x1.0000000000000p+0,0x1.0000000000000p+0,0x1.0000000000000p+0,0,0,950,986,988
4,1x1-in-100,1,2,1000,485,568,0,0x1.006937cc1ec3bp-3,-0x1.1706a97f3e69dp-3,-0x1.9311651ee5820p-4,0x1.8f783f15960a0p-6,-0x1.c49e9f0f7fa18p-4,-0x1.dad17d71d2e48p-5,0x1.09c24b906fe28p+0,0x1.0232e34875844p+0,0x1.0000000000000p+0,0x1.d62fefc913e34p-1,0x1.05cea8133eed2p+0,0x1.dc3b670db9ddap-1,0,0,955,988,993
4,2x1-in-100,2,2,1000,485,608,0,0x1.f48cb2f8cbc64p-3,-0x1.0c90483bc15d5p-2,-0x1.98e7af13654f5p-3,0x1.8612f6acdd180p-5,-0x1.b3af94173e8acp-3,-0x1.cfab63d410b54p-4,0x1.1320491067267p+0,0x1.04648386548a9p+0,0x1.0000000000000p+0,0x1.b03c826a35b0ep-1,0x1.0b9d0c7ff6444p+0,0x1.bc00a4584c904p-1,0,0,955,988,994
4,1x1-in-1000,1,4,1000,485,387,0,0x1.8de5f11578616p-2,0x1.649c2821100d3p-3,0x1.054422ba5ea9dp-2,0x1.2c67556505f68p-4,0x1.17b3a561b0968p-2,0x1.dcd10c0f0b6c8p-3,0x1.14d7212ed006ap+0,0x1.1345021210f74p+0,0x1.0000000000000p+0,0x1.196539f93cea6p+0,0x1.1ecffa69b9804p+0,0x1.2bfcef27ae8d8p+0,0,0,953,983,981
4,2x1-in-1000,2,4,1000,485,241,0,0x1.854947d3256d8p-1,0x1.2b8d00acb245dp-2,0x1.c3bc9d6eeff9cp-2,0x1.25879b3c4ca60p-3,0x1.3ac8c58b3ebbdp-1,0x1.004a2e7ed8158p-1,0x1.28fe012779698p+0,0x1.253fc99c11da2p+0,0x1.0000000000000p+0,0x1.29536b97c1a10p+0,0x1.4040958127f66p+0,0x1.4fc405c06153ep+0,0,1,908,978,961
5,none,0,0,1000,999,1,0,0x0.0000000000000p+0,0x0.0000000000000p+0,0x0.0000000000000p+0,0x0.0000000000000p+0,0x0.0000000000000p+0,0x0.0000000000000p+0,0x1.0000000000000p+0,0x1.0000000000000p+0,0x1.0000000000000p+0,0x1.0000000000000p+0,0x1.0000000000000p+0,0x1.0000000000000p+0,0,0,958,951,958
5,1x1-in-100,1,26,1000,999,0,0,0x1.b7159beb89362p-2,0x1.80ca065e6cd2bp-2,0x1.ddca3efc641dbp-2,0x1.42bdadb6a5bd0p-5,0x1.fe58bfe095a68p-4,0x1.bd112176ac5a0p-4,0x1.08fb357162f3ep+0,0x1.0bac0e712d1c2p+0,0x1.2e15b3788c54ap+0,0x1.173b2a3516832p+0,0x1.1c929f84f19b4p+0,0x1.1b91a630adce3p+0,0,0,952,960,964
5,2x1-in-100,2,26,1000,999,0,0,0x1.ae56e3f6eb5b2p-1,0x1.61663fd91166ap-1,0x1.b33cdcf615e52p-1,0x1.3bef636e12090p-4,0x1.d4dd9617ce52cp-3,0x1.a85ecb59d3ae4p-3,0x1.11e213b914aeap+0,0x1.168534b92cbf0p+0,0x1.54d8c9e3d7263p+0,0x1.2a4fd538f73e2p+0,0x1.36778d1140becp+0,0x1.3461a8d8659edp+0,2,13,911,943,922
5,1x1-in-1000,1,37,1000,999,0,0,0x1.61c7bfb83bc48p-1,0x1.bfd536cd08145p-1,0x1.dedc5f4f153f4p-1,0x1.0365802ceb258p-4,0x1.2c2b4217b759ap-2,0x1.dd01a2bf2b31cp-3,0x1.0c7bc2a94c2dep+0,0x1.151705f1d8a32p+0,0x1.6da8294e6ed26p+0,0x1.37e446ad823e0p+0,0x1.3b82f01055004p+0,0x1.3df4b769d40d4p+0,3,25,939,917,912
5,2x1-in-1000,2,37,1000,999,0,0,0x1.5ae3cce0590b6p+0,0x1.92a9f8b3a3d5ap+0,0x1.a3f35888126e2p+0,0x1.fbbc56c1a6a70p-4,0x1.0e740852d00ccp-1,0x1.c4edbac3b5a5ap-2,0x1.19526a8120eacp+0,0x1.2890c1dde9fc0p+0,0x1.c4bf3bcfa5366p+0,0x1.641e29fcb8cc5p+0,0x1.6f94a7d413394p+0,0x1.762d2deb72e86p+0,122,398,844,762,655
6,none,0,0,1000,16,984,0,0x0.0000000000000p+0,0x0.0000000000000p+0,0x0.0000000000000p+0,0x0.0000000000000p+0,0x0.0000000000000p+0,0x0.0000000000000p+0,0x1.0000000000000p+0,0x1.0000000000000p+0,0x1.0000000000000p+0,0x1.0000000000000p+0,0x1.0000000000000p+0,0x1.0000000000000p+0,0,0,977,986,983
6,1x1-in-100,1,0,1000,16,984,0,-0x1.1cc5c63238384p-5,0x1.a1013c9e0def4p-7,0x1.10335e5d91e2bp-9,-0x1.4473adfc1e300p-7,0x0.0000000000000p+0,-0x1.3bec095ce39c0p-7,0x1.faee13a58cc12p-1,0x1.faee3fb47bbb8p-1,0x1.0000000000000p+0,0x1.00e9051428b40p+0,0x1.fb0eb7c32ed6dp-1,0x1.feb3134f1da80p-1,0,0,979,986,983
6,2x1-in-100,2,0,1000,16,982,0,-0x1.19fa64394a1a7p-4,0x1.9ec7e3cc1d87ap-6,0x1.0a73b7edb1c6ep-8,-0x1.41451206a10c0p-6,0x0.0000000000000p+0,-0x1.38ded19686440p-6,0x1.f5f59b67868dap-1,0x1.f5f5f16bc5f36p-1,0x1.0000000000000p+0,0x1.01cfcacdc5657p+0,0x1.f635ea86fdecbp-1,0x1.fd693e0694b29p-1,0,0,984,986,983
6,1x1-in-1000,1,0,1000,16,984,0,-0x1.1cc5c63238384p-5,0x1.a1013c9e0def4p-7,0x1.10335e5d91e2bp-9,-0x1.4473adfc1e300p-7,0x0.0000000000000p+0,-0x1.3bec095ce39c0p-7,0x1.faee13a58cc12p-1,0x1.faee3fb47bbb8p-1,0x1.0000000000000p+0,0x1.00e9051428b40p+0,0x1.fb0eb7c32ed6dp-1,0x1.feb3134f1da80p-1,0,0,979,986,983
6,2x1-in-1000,2,0,1000,16,982,0,-0x1.19fa64394a1a7p-4,0x1.9ec7e3cc1d87ap-6,0x1.0a73b7edb1c6ep-8,-0x1.41451206a10c0p-6,0x0.0000000000000p+0,-0x1.38ded19686440p-6,0x1.f5f59b67868dap-1,0x1.f5f5f16bc5f36p-1,0x1.0000000000000p+0,0x1.01cfcacdc5657p+0,0x1.f635ea86fdecbp-1,0x1.fd693e0694b29p-1,0,0,984,986,983
7,none,0,0,1000,664,336,0,0x0.0000000000000p+0,0x0.0000000000000p+0,0x0.0000000000000p+0,0x0.0000000000000p+0,0x0.0000000000000p+0,0x0.0000000000000p+0,0x1.0000000000000p+0,0x1.0000000000000p+0,0x1.0000000000000p+0,0x1.0000000000000p+0,0x1.0000000000000p+0,0x1.0000000000000p+0,0,0,938,964,963
7,1x1-in-100,1,2,1000,664,360,0,0x1.5dc866961bdf0p-4,-0x1.57c2eb6495434p-4,-0x1.f519d5a545472p-5,0x1.448551ee2a340p-7,-0x1.e1d7d9f565e10p-5,-0x1.afce6dad62af0p-6,0x1.036a6d97bfff8p+0,0x1.019820dbddfc5p+0,0x1.0000000000000p+0,0x1.ec68f594b0f42p-1,0x1.014f69f4f5f3cp+0,0x1.f2bb55db99f38p-1,0,0,943,964,966
7,2x1-in-100,2,2,1000,664,388,0,0x1.5a530482aa4d0p-3,-0x1.52edf90d8bce2p-3,-0x1.f89d1c1afb686p-4,0x1.4169ef05d5b20p-6,-0x1.dc4b7381f6f18p-4,-0x1.aadbc368a2008p-5,0x1.06c490ce0cb66p+0,0x1.0328a0936c254p+0,0x1.0000000000000p+0,0x1.d96ef720d0931p-1,0x1.02bad670945d4p+0,0x1.e5e1eba3a762ap-1,0,0,941,964,966
7,1x1-in-1000,1,4,1000,664,252,0,0x1.0a9c5f35bad07p-2,0x1.4214d005f1b60p-3,0x1.a416a3bdba55dp-3,0x1.e8c452a9b9a60p-6,0x1.224289452d860p-3,0x1.bcdcc5eebf638p-4,0x1.07ef5f2454ad3p+0,0x1.07b353de97a32p+0,0x1.0000000000000p+0,0x1.0fa39e60b49b2p+0,0x1.0f27db51917fcp+0,0x1.14649bf98ae40p+0,0,0,943,967,973
7,2x1-in-1000,2,4,1000,664,173,0,0x1.084775fa80205p-1,0x1.2c0090ee955cap-2,0x1.8561cb5a3d932p-2,0x1.e459387a02b10p-5,0x1.2f977a9bf472ep-2,0x1.c1f7753bb81ecp-3,0x1.0fca95c258aacp+0,0x1.0f3bcae5610e4p+0,0x1.0000000000000p+0,0x1.1cdf036ccf878p+0,0x1.204f99990b9b2p+0,0x1.27424320dbbd5p+0,0,0,916,971,965
8,none,0,0,1000,1000,0,0,0x0.0000000000000p+0,0x0.0000000000000p+0,0x0.0000000000000p+0,0x0.0000000000000p+0,0x0.0000000000000p+0,0x0.0000000000000p+0,0x1.0000000000000p+0,0x1.0000000000000p+0,0x1.0000000000000p+0,0x1.0000000000000p+0,0x1.0000000000000p+0,0x1.0000000000000p+0,0,0,943,938,942
8,1x1-in-100,1,26,1000,1000,0,0,0x1.17286fef8aa66p-2,0x1.f4dec6c7f83cdp-3,0x1.3b209d74062b9p-2,0x1.05a9619343860p-6,0x1.a2e03a726e3a0p-5,0x1.67d4c385b7000p-5,0x1.03c6ae70d9aa2p+0,0x1.047a1ee2b1db1p+0,0x1.10682e75cf44cp+0,0x1.0abd587a1ab88p+0,0x1.0b66df1d44968p+0,0x1.0b35eccc31a80p+0,0,0,942,948,954
8,2x1-in-100,2,26,1000,1000,0,0,0x1.14c9cdfe7f526p-1,0x1.e2b07d249f07cp-2,0x1.2eb9309ac5569p-1,0x1.036a89a4485f0p-5,0x1.94141e0bb3fd0p-4,0x1.60faef0394a08p-4,0x1.0785f3624c476p+0,0x1.08d6d9cd76b2ap+0,0x1.1fa8e32cbc3f8p+0,0x1.14adb9c9e9352p+0,0x1.1652a07febd18p+0,0x1.15f6c40c3aef4p+0,0,0,933,959,949
8,1x1-in-1000,1,37,1000,1000,0,0,0x1.c02482088602cp-2,0x1.313158f65db41p-1,0x1.4ebd1deeed265p-1,0x1.a3e6150ff29c0p-6,0x1.feda8c8d8db50p-4,0x1.86ff119463e58p-4,0x1.0582e588e7022p+0,0x1.07cda0d75e79fp+0,0x1.27cfe76d3fbdbp+0,0x1.1a8bdcb1bf11ep+0,0x1.18691605c0a8cp+0,0x1.18ce0c81e208cp+0,0,0,942,949,946
8,2x1-in-1000,2,37,1000,1000,0,0,0x1.bc72bb2125806p-1,0x1.220a123309bc2p+0,0x1.3913b1c171555p+0,0x1.a0348c1c91880p-5,0x1.e55f5410aa0d4p-3,0x1.7c2b6650482e0p-3,0x1.0b0adc4dd9186p+0,0x1.0f5ddd489f267p+0,0x1.4b73b6adb8d4ep+0,0x1.32635269db5b8p+0,0x1.2f4f968fca319p+0,0x1.307fa4cb264fap+0,5,33,905,870,828
9,none,0,0,1000,0,1000,0,nan,nan,nan,0x0.0000000000000p+0,0x0.0000000000000p+0,0x0.0000000000000p+0,0x1.0000000000000p+0,0x1.0000000000000p+0,0x1.0000000000000p+0,0x1.0000000000000p+0,0x1.0000000000000p+0,0x1.0000000000000p+0,0,0,980,995,991
9,1x1-in-100,1,1,1000,0,1000,0,nan,nan,nan,0x1.b6e9ec14cd790p-2,0x0.0000000000000p+0,0x1.0bf0493669ce4p-2,0x1.956828fad62b8p+0,0x1.14c42e5457139p+0,0x1.0000000000000p+0,0x1.0000000000000p+0,0x1.91301011e6ae6p+0,0x1.0abc2e2eea0bep+0,0,0,929,999,993
9,2x1-in-100,2,1,1000,0,999,0,nan,nan,nan,0x1.a2fa491ee1078p-1,0x0.0000000000000p+0,0x1.fe0c8903504a8p-2,0x1.b21a5849e94bep+1,0x1.c46622f209350p-1,0x1.0000000000000p+0,0x1.0000000000000p+0,0x1.12466c4a26ac4p+1,0x1.c210af2760e4fp-1,0,0,852,1000,996
9,1x1-in-1000,1,1,1000,0,1000,0,nan,nan,nan,0x1.b6e9ec14cd790p-2,0x0.0000000000000p+0,0x1.0bf0493669ce4p-2,0x1.956828fad62b8p+0,0x1.14c42e5457139p+0,0x1.0000000000000p+0,0x1.0000000000000p+0,0x1.91301011e6ae6p+0,0x1.0abc2e2eea0bep+0,0,0,929,999,993
9,2x1-in-1000,2,1,1000,0,999,0,nan,nan,nan,0x1.a2fa491ee1078p-1,0x0.0000000000000p+0,0x1.fe0c8903504a8p-2,0x1.b21a5849e94bep+1,0x1.c46622f209350p-1,0x1.0000000000000p+0,0x1.0000000000000p+0,0x1.12466c4a26ac4p+1,0x1.c210af2760e4fp-1,0,0,852,1000,996
10,none,0,0,1000,679,321,0,0x0.0000000000000p+0,0x0.0000000000000p+0,0x0.0000000000000p+0,0x0.0000000000000p+0,0x0.0000000000000p+0,0x0.0000000000000p+0,0x1.0000000000000p+0,0x1.0000000000000p+0,0x1.0000000000000p+0,0x1.0000000000000p+0,0x1.0000000000000p+0,0x1.0000000000000p+0,0,0,944,941,936
10,1x1-in-100,1,7,1000,679,177,0,0x1.a4bbc385f70fcp-1,0x1.ddb719deee4eap-2,0x1.32b5eb32a0d30p-1,0x1.5947a3f2125b6p-2,0x1.732787a97f8ecp-2,0x1.801cc85c01ea4p-1,0x1.520944e1e43fep+0,0x1.65246a107239fp+0,0x1.4ad634a3b9d19p+1,0x1.1bd0671e8b25ep+0,0x1.1a447f43f73c4p+1,0x1.71ad40b3991dep+0,8,156,924,980,965
10,2x1-in-100,2,7,1000,679,185,0,0x1.9a0d0a29af68dp+0,0x1.6ba46d8ceda8bp-1,0x1.e2c24b7f64e1fp-1,0x1.4f68aa8fabe59p-1,0x1.18a5a7fee39c1p-1,0x1.60229371548bcp+0,0x1.aae17abf07c16p+0,0x1.b26ecb26be7dap+0,0x1.c270a93987eb0p+1,0x1.24117799c5368p+0,0x1.a54293a4a8252p+1,0x1.b782fdfdeb5e7p+0,68,285,815,972,926
10,1x1-in-1000,1,15,1000,679,318,0,0x1.b53b74d8c3d33p+0,0x1.49852512d38e9p+0,0x1.4ae9909b3ff76p+0,0x1.632075dde7004p-1,0x1.d8f3c12177c94p-1,0x1.13d210e4d0470p+1,0x1.821997dc46809p+0,0x1.035e2fb93ce7ep+1,0x1.44eb15f825f9ep+2,0x1.4f2fdb0a8f3aap+0,0x1.0a393f198f642p+2,0x1.29e1c3bd3b32dp+1,115,408,854,893,864
10,2x1-in-1000,2,15,1000,679,445,0,0x1.c26e9458e17d7p+1,0x1.ea8444f22e732p+0,0x1.e990d9c9261fep+0,0x1.7090102f6b204p+0,0x1.5eb464f44f802p+0,0x1.12a834604184fp+2,0x1.0eab0e8ce60bep+1,0x1.6f4568544ec12p+1,0x1.c7466664c63b6p+2,0x1.6431fde391715p+0,0x1.cd49c20cb10b1p+2,0x1.8ebcc00f7d6f0p+1,262,747,578,619,214
11,none,0,0,1000,1000,0,0,0x0.0000000000000p+0,0x0.0000000000000p+0,0x0.0000000000000p+0,0x0.0000000000000p+0,0x0.0000000000000p+0,0x0.0000000000000p+0,0x1.0000000000000p+0,0x1.0000000000000p+0,0x1.0000000000000p+0,0x1.0000000000000p+0,0x1.0000000000000p+0,0x1.0000000000000p+0,0,0,953,941,952
11,1x1-in-100,1,74,1000,1000,2,0,0x1.e5928460983b4p-1,0x1.5b1ef7bb9184fp-1,0x1.972740a57ee98p-1,0x1.3a87292c1a606p-2,0x1.f65ff757594b0p-3,0x1.21b251cb9c4b5p-1,0x1.4057624143dc4p+0,0x1.613ff413b9733p+0,0x1.558169abb4142p+0,0x1.293292dcc1e2ap+0,0x1.8a06e4c0bc03ep+0,0x1.863674fe90f46p+0,2,28,914,943,932
11,2x1-in-100,2,74,1000,1000,5,0,0x1.ea682595e4652p+0,0x1.2810ad1e2ffa8p+0,0x1.5a5412b55f1b0p+0,0x1.3c370abd611a4p-1,0x1.aaf484307ae3ap-2,0x1.214338c938c1cp+0,0x1.84e8eaafbdb1ap+0,0x1.bbd3e649a96e4p+0,0x1.93655ed61ee7cp+0,0x1.430160a6d5e10p+0,0x1.0cb3c085e0da4p+1,0x1.fda91da273620p+0,57,286,785,902,818
11,1x1-in-1000,1,156,1000,1000,6,0,0x1.b12b35c2965a9p+0,0x1.5421a807f20e8p+0,0x1.5f0619bd5413ap+0,0x1.17e85be7f0f8ep-1,0x1.eabbccc760f2ap-2,0x1.2ad1060c47459p+0,0x1.65b82b0968692p+0,0x1.c2daf9d41775cp+0,0x1.a59190b5b4f02p+0,0x1.52d6e65821626p+0,0x1.068234001a514p+1,0x1.111bea9f35b6bp+1,45,241,842,876,815
11,2x1-in-1000,2,156,1000,1000,11,0,0x1.c9457ce405178p+1,0x1.18c8e922b7798p+1,0x1.1d4ef98a78e08p+1,0x1.2648c1f32dbd1p+0,0x1.98bfc751879d9p-1,0x1.3d7463487483cp+1,0x1.db9f0c21cc6e7p+0,0x1.4572c4d91551ep+1,0x1.0d3b3678e76f0p+1,0x1.830a200e77dfcp+0,0x1.a0f550418e576p+1,0x1.9e790e984c930p+1,388,792,465,514,260
12,none,0,0,1000,0,1000,0,nan,nan,nan,0x0.0000000000000p+0,0x0.0000000000000p+0,0x0.0000000000000p+0,0x1.0000000000000p+0,0x1.0000000000000p+0,0x1.0000000000000p+0,0x1.0000000000000p+0,0x1.0000000000000p+0,0x1.0000000000000p+0,0,0,980,990,991
12,1x1-in-100,1,1,1000,0,999,0,nan,nan,nan,0x1.c19c597a169b8p-3,0x0.0000000000000p+0,0x1.539f9d535efc0p-3,0x1.68a0dd5f58d1ap+0,0x1.020f35362d693p+0,0x1.0000000000000p+0,0x1.0000000000000p+0,0x1.395d5e8663609p+0,0x1.d6c09e109935cp-1,0,0,958,994,994
12,2x1-in-100,2,1,1000,0,997,0,nan,nan,nan,0x1.b6e9ec14cd790p-2,0x0.0000000000000p+0,0x1.4adf052daacd4p-2,0x1.d43e1582c5f3dp+0,0x1.e04a8f7e3b1d7p-1,0x1.0000000000000p+0,0x1.cabd4eaf84627p-1,0x1.943e784734780p+0,0x1.5506a43b10d85p-1,0,0,910,997,996
12,1x1-in-1000,1,1,1000,0,999,0,nan,nan,nan,0x1.c19c597a169b8p-3,0x0.0000000000000p+0,0x1.539f9d535efc0p-3,0x1.68a0dd5f58d1ap+0,0x1.020f35362d693p+0,0x1.0000000000000p+0,0x1.0000000000000p+0,0x1.395d5e8663609p+0,0x1.d6c09e109935cp-1,0,0,958,994,994
12,2x1-in-1000,2,1,1000,0,997,0,nan,nan,nan,0x1.b6e9ec14cd790p-2,0x0.0000000000000p+0,0x1.4adf052daacd4p-2,0x1.d43e1582c5f3dp+0,0x1.e04a8f7e3b1d7p-1,0x1.0000000000000p+0,0x1.cabd4eaf84627p-1,0x1.943e784734780p+0,0x1.5506a43b10d85p-1,0,0,910,997,996
13,none,0,0,1000,966,34,0,0x0.0000000000000p+0,0x0.0000000000000p+0,0x0.0000000000000p+0,0x0.0000000000000p+0,0x0.0000000000000p+0,0x0.0000000000000p+0,0x1.0000000000000p+0,0x1.0000000000000p+0,0x1.0000000000000p+0,0x1.0000000000000p+0,0x1.0000000000000p+0,0x1.0000000000000p+0,0,0,955,945,945
13,1x1-in-100,1,7,1000,966,12,0,0x1.3322332b1d47ep-1,0x1.923f36e8a3570p-2,0x1.00292030dc430p-1,0x1.526f7dae3efe0p-3,0x1.837ab98b8fc60p-3,0x1.6dc255018f176p-2,0x1.281e2e793183dp+0,0x1.3309052b0619ep+0,0x1.66505ad15e48ap+0,0x1.1845631c373c7p+0,0x1.6edafacd0823ep+0,0x1.4a5a5d2689d83p+0,2,23,949,968,958
13,2x1-in-100,2,7,1000,966,13,0,0x1.30dbdc6833dbcp+0,0x1.57096a5df4a44p-1,0x1.b832e387144acp-1,0x1.4f9de821dc834p-2,0x1.483ee71f91060p-2,0x1.60ea494096983p-1,0x1.513353eeef689p+0,0x1.61e1e9632f2dap+0,0x1.b093948f28f54p+0,0x1.27464fbd3ea42p+0,0x1.d5618f8bf1ad7p+0,0x1.88e92525ac876p+0,19,108,888,957,936
13,1x1-in-1000,1,15,1000,966,34,0,0x1.33524960beb36p+0,0x1.161bef3acdc50p+0,0x1.1fdffcadff9ffp+0,0x1.5195ead8e21c6p-2,0x1.07f2f063491d8p-1,0x1.f5e19641c0960p-1,0x1.412181df18b09p+0,0x1.7cc1676627192p+0,0x1.0d8a455812180p+1,0x1.46f293df6ce7cp+0,0x1.10e9fb1908fc5p+1,0x1.dcb18f6f7f953p+0,36,204,907,921,898
13,2x1-in-1000,2,15,1000,966,54,0,0x1.3ac5f8e91b77dp+1,0x1.c64fa6a591450p+0,0x1.cd5066639376cp+0,0x1.5a02ee0192dc7p-1,0x1.b15533812e7c3p-1,0x1.f901b237ca310p+0,0x1.892865d9e468dp+0,0x1.f6e18f266f8e2p+0,0x1.679cf59f5a033p+1,0x1.7016d2e55fc24p+0,0x1.9fda66130f0f2p+1,0x1.5379f1ac24c74p+1,212,629,728,719,557
14,none,0,0,1000,1000,0,0,0x0.0000000000000p+0,0x0.0000000000000p+0,0x0.0000000000000p+0,0x0.0000000000000p+0,0x0.0000000000000p+0,0x0.0000000000000p+0,0x1.0000000000000p+0,0x1.0000000000000p+0,0x1.0000000000000p+0,0x1.0000000000000p+0,0x1.0000000000000p+0,0x1.0000000000000p+0,0,0,961,948,954
14,1x1-in-100,1,74,1000,1000,0,0,0x1.49c37df0d65c8p-1,0x1.fcd8feffd945cp-2,0x1.2f36b0a8f1e91p-1,0x1.3691122c4f20cp-3,0x1.00f46b23b880cp-3,0x1.137e60db7bd74p-2,0x1.21097a9402648p+0,0x1.2d88d380d54b0p+0,0x1.2775c8e51a876p+0,0x1.189eb0acc36c2p+0,0x1.42a7309d1590ap+0,0x1.436ca9cdd8fd2p+0,0,0,955,955,953
14,2x1-in-100,2,74,1000,1000,0,0,0x1.4c8e1c976d240p+0,0x1.d0e13a3dc574ep-1,0x1.136e96d45cb76p+0,0x1.37f8a612c77e2p-2,0x1.d6279a31dcf40p-3,0x1.1533306733239p-1,0x1.432364664b4cep+0,0x1.5a85f1249cbc2p+0,0x1.48d5e7cb2891cp+0,0x1.2c4dd300c05b6p+0,0x1.86d683cf195f3p+0,0x1.8599f0a8e4bfap+0,8,54,857,927,887
14,1x1-in-1000,1,156,1000,1000,0,0,0x1.1eeeba34e0768p+0,0x1.fde48aa708de0p-1,0x1.0fa02f36597ecp+0,0x1.0d41727aa9686p-2,0x1.02d8e4844fdcap-2,0x1.114b0cf449eaep-1,0x1.34d4fda47c192p+0,0x1.55ca737f49b10p+0,0x1.4eab567fe0462p+0,0x1.32f2b2550ea00p+0,0x1.7f9e3f1511e24p+0,0x1.8b72c02b8470fp+0,4,34,897,910,890
14,2x1-in-1000,2,156,1000,1000,0,0,0x1.283dacba21568p+1,0x1.cabd6bda077f2p+0,0x1.de5d1d9480942p+0,0x1.164bab64d29a9p-1,0x1.cfd480ae12edep-2,0x1.1d76c57b367acp+0,0x1.6e56682527617p+0,0x1.afcdd00e3f0a9p+0,0x1.8eb1f9e7ced4ep+0,0x1.59dbcbafb3a60p+0,0x1.0536eff831c19p+1,0x1.0f5b5dc73f08dp+1,221,562,670,700,559
15,none,0,0,1000,81,919,0,0x0.0000000000000p+0,0x0.0000000000000p+0,0x0.0000000000000p+0,0x0.0000000000000p+0,0x0.0000000000000p+0,0x0.0000000000000p+0,0x1.0000000000000p+0,0x1.0000000000000p+0,0x1.0000000000000p+0,0x1.0000000000000p+0,0x1.0000000000000p+0,0x1.0000000000000p+0,0,0,970,986,985
15,1x1-in-100,1,1,1000,81,890,0,0x1.64bea0416986ap-3,-0x1.60c2cf4c66364p-3,-0x1.d0ef68c0e7573p-4,0x1.6bc7f7a6f1de0p-4,-0x1.0e804ba68bc54p-3,-0x1.d22c1c65576d0p-4,0x1.247073e2e1debp+0,0x1.051ae0c31ffb2p+0,0x1.0000000000000p+0,0x1.cab2daa42f840p-1,0x1.1945e02a03f51p+0,0x1.bb837e39932aep-1,0,0,959,990,985
15,2x1-in-100,2,1,1000,81,856,0,0x1.61e617da2f94ap-2,-0x1.4c0c326901277p-2,-0x1.c6c04db16c2b2p-3,0x1.687c8592c0020p-3,-0x1.f1d6ac028d41ap-3,-0x1.af389c1d01858p-3,0x1.48ddda5eca729p+0,0x1.0adde0a47ddb8p+0,0x1.0000000000000p+0,0x1.9cc53b1fdffd3p-1,0x1.334551e22128dp+0,0x1.85245322697f0p-1,0,0,946,986,987
15,1x1-in-1000,1,1,1000,81,890,0,0x1.64bea0416986ap-3,-0x1.60c2cf4c66364p-3,-0x1.d0ef68c0e7573p-4,0x1.6bc7f7a6f1de0p-4,-0x1.0e804ba68bc54p-3,-0x1.d22c1c65576d0p-4,0x1.247073e2e1debp+0,0x1.051ae0c31ffb2p+0,0x1.0000000000000p+0,0x1.cab2daa42f840p-1,0x1.1945e02a03f51p+0,0x1.bb837e39932aep-1,0,0,959,990,985
15,2x1-in-1000,2,1,1000,81,856,0,0x1.61e617da2f94ap-2,-0x1.4c0c326901277p-2,-0x1.c6c04db16c2b2p-3,0x1.687c8592c0020p-3,-0x1.f1d6ac028d41ap-3,-0x1.af389c1d01858p-3,0x1.48ddda5eca729p+0,0x1.0adde0a47ddb8p+0,0x1.0000000000000p+0,0x1.9cc53b1fdffd3p-1,0x1.334551e22128dp+0,0x1.85245322697f0p-1,0,0,946,986,987
16,none,0,0,1000,1000,0,0,0x0.0000000000000p+0,0x0.0000000000000p+0,0x0.0000000000000p+0,0x0.0000000000000p+0,0x0.0000000000000p+0,0x0.0000000000000p+0,0x1.0000000000000p+0,0x1.0000000000000p+0,0x1.0000000000000p+0,0x1.0000000000000p+0,0x1.0000000000000p+0,0x1.0000000000000p+0,0,0,952,951,957
16,1x1-in-100,1,7,1000,1000,0,0,0x1.6ea5c68d9c7eep-2,0x1.e9f4c31c6aa52p-3,0x1.436e36bc75ddcp-2,0x1.09d002c1c7498p-4,0x1.14c5e8c7b7180p-4,0x1.03a2b6abf5f9cp-3,0x1.0fd2e6af141c0p+0,0x1.129b63b7bb4f0p+0,0x1.197963af2aa1bp+0,0x1.0bcccd2b5e13cp+0,0x1.231717d416636p+0,0x1.1da538c48860bp+0,0,0,949,959,960
16,2x1-in-100,2,7,1000,1000,0,0,0x1.6e24b0ce7fa8ap-1,0x1.c943c57a96beep-2,0x1.2ea975989061ep-1,0x1.0934309e4adf8p-3,0x1.0299e18069ab4p-3,0x1.005e1f4a8271cp-2,0x1.1fc4ab41bf8f3p+0,0x1.24d4672a200aep+0,0x1.2fa5c04c519b4p+0,0x1.15c42e181d307p+0,0x1.4564242402846p+0,0x1.3a2b9f6a69cccp+0,1,7,918,957,946
16,1x1-in-1000,1,15,1000,1000,0,0,0x1.6896f2ae1ef54p-1,0x1.71cff15487402p-1,0x1.8faf731fd19a0p-1,0x1.03f74a5d5f878p-3,0x1.a46040c710d84p-3,0x1.6024c952d43f6p-2,0x1.1b02d4f0b3118p+0,0x1.29bfd1b937926p+0,0x1.4ca4fc6c89e72p+0,0x1.24e2fd49d2adcp+0,0x1.5e073ba0f0f44p+0,0x1.5377bcb7536aap+0,4,12,923,937,923
16,2x1-in-1000,2,15,1000,1000,0,0,0x1.6cafe51d5b1bep+0,0x1.4dea86bf2bf96p+0,0x1.634fe503c8d04p+0,0x1.06985e690912ep-2,0x1.7a7306a7efc8cp-2,0x1.5f8edff59099fp-1,0x1.37178e450b08ep+0,0x1.53a348c77e8bdp+0,0x1.8a783fa979736p+0,0x1.42403231d1becp+0,0x1.b918e2f5ccc3ep+0,0x1.a6b01694f0570p+0,42,208,832,817,756
17,none,0,0,1000,1000,0,0,0x0.0000000000000p+0,0x0.0000000000000p+0,0x0.0000000000000p+0,0x0.0000000000000p+0,0x0.0000000000000p+0,0x0.0000000000000p+0,0x1.0000000000000p+0,0x1.0000000000000p+0,0x1.0000000000000p+0,0x1.0000000000000p+0,0x1.0000000000000p+0,0x1.0000000000000p+0,0,0,939,961,951
17,1x1-in-100,1,74,1000,1000,0,0,0x1.9ce5f22922e24p-2,0x1.510834942e5f8p-2,0x1.95481f0b33a40p-2,0x1.f1b87eb86f640p-5,0x1.ad1397f1f5940p-5,0x1.b5021b543ed80p-4,0x1.0dfef6fafee76p+0,0x1.114e8b8af5d0ap+0,0x1.0f4d77939463ap+0,0x1.0b81ce99ebf11p+0,0x1.1abc109c0ddaap+0,0x1.1b64c936787a6p+0,0,0,945,958,948
17,2x1-in-100,2,74,1000,1000,0,0,0x1.9e33f8fb760cdp-1,0x1.44b2c4941ff42p-1,0x1.84b62e211092dp-1,0x1.f36f40dc9c1c0p-4,0x1.9c80b1fe426a8p-4,0x1.b713d19cbdf88p-3,0x1.1c29040b1fc1ep+0,0x1.22a698460aec8p+0,0x1.1d7eb2e69dba7p+0,0x1.160490bd45ebep+0,0x1.35cd27e5a856ap+0,0x1.36d7f84dd13aap+0,0,0,914,924,920
17,1x1-in-1000,1,156,1000,1000,0,0,0x1.5fd080abf7470p-1,0x1.5726f2a6bd412p-1,0x1.7602b5426fe7cp-1,0x1.a8cb0ab98b090p-4,0x1.b4309a0663458p-4,0x1.a64695865e518p-3,0x1.16b35d6908302p+0,0x1.1f233fc7fb1ccp+0,0x1.1eaf16ab573a2p+0,0x1.17d61d0633d04p+0,0x1.329a80c487518p+0,0x1.3614cf7ee9e66p+0,0,0,933,920,924
17,2x1-in-1000,2,156,1000,1000,0,0,0x1.64a110d1aaad7p+0,0x1.46bcf7cc80eaep+0,0x1.5f29631aebf8ap+0,0x1.af2f9453d5e08p-3,0x1.9ee53dd0637b4p-3,0x1.aedea54874a38p-2,0x1.2e2c1278ebac6p+0,0x1.3efc6ddc47a8cp+0,0x1.3aa28b2999b9cp+0,0x1.2d182d80570bcp+0,0x1.673f0a71046bep+0,0x1.6e356cad97aa4p+0,7,33,818,822,793
18,none,0,0,1000,0,1000,0,nan,nan,nan,0x0.0000000000000p+0,0x0.0000000000000p+0,0x0.0000000000000p+0,0x1.0000000000000p+0,0x1.0000000000000p+0,0x1.0000000000000p+0,0x1.0000000000000p+0,0x1.0000000000000p+0,0x1.0000000000000p+0,0,0,981,999,993
18,1x1-in-100,1,1,1000,0,999,0,nan,nan,nan,0x1.5f8e69ba0f1fcp-1,0x0.0000000000000p+0,0x1.0bf0493669ce4p-2,0x1.956828fad62b8p+0,0x1.14c42e5457139p+0,0x1.0000000000000p+0,0x1.0000000000000p+0,0x1.91301011e6ae6p+0,0x1.0b6634fd0de26p+0,0,0,952,997,993
18,2x1-in-100,2,1,1000,0,999,0,nan,nan,nan,0x1.a831751143c48p-1,0x0.0000000000000p+0,0x1.fe0c8903504a8p-2,0x1.b21a5849e94bep+1,0x1.c46622f209350p-1,0x1.0000000000000p+0,0x1.0000000000000p+0,0x1.12466c4a26ac4p+1,0x1.c210af2760e4fp-1,0,0,882,977,994
18,1x1-in-1000,1,3,1000,0,999,0,nan,nan,nan,0x1.79476c5ae0206p+0,0x1.71141c490be02p+7,0x1.ab91851f5b5a2p+4,0x1.76d2219c2b8f3p+1,0x1.031cd30d038d5p+1,0x1.3c7a4d8f435b5p+5,0x1.0000000000000p+0,0x1.832688cabc40bp+4,0x1.718308ce75655p+0,0,510,882,999,972
18,2x1-in-1000,2,3,1000,0,999,0,nan,nan,nan,0x1.78bc5ca6b3cb3p+1,0x1.c976a3c80cfe2p+7,0x1.6b6f3284d234dp+5,0x1.a3fee8f0a871fp+2,0x1.6016a37fb10f1p+1,0x1.4d5f9038e1779p+6,0x1.0000000000000p+0,0x1.1183ffd8564e3p+6,0x1.a8e814c7be931p+0,225,758,541,999,947
19,none,0,0,1000,317,683,0,0x0.0000000000000p+0,0x0.0000000000000p+0,0x0.0000000000000p+0,0x0.0000000000000p+0,0x0.0000000000000p+0,0x0.0000000000000p+0,0x1.0000000000000p+0,0x1.0000000000000p+0,0x1.0000000000000p+0,0x1.0000000000000p+0,0x1.0000000000000p+0,0x1.0000000000000p+0,0,0,941,950,943
19,1x1-in-100,1,12,1000,317,778,0,0x1.6ee778111e3d0p+0,0x1.d5f4b3567b379p-1,0x1.025815ac587e0p+0,0x1.69b194986d021p-1,0x1.661632716715cp-2,0x1.412bfd4eefc51p+0,0x1.9c92467658858p+0,0x1.855aa7fedf3f3p+0,0x1.e9cda8597cc4cp+0,0x1.0000000000000p+0,0x1.3fe1af6b7765cp+1,0x1.4c3f5b044a20fp+0,30,180,933,977,969
19,2x1-in-100,2,12,1000,317,839,0,0x1.75668904b0c48p+1,0x1.5ad5a936f513ep+0,0x1.8146f224be6d0p+0,0x1.6fc3e15c85866p+0,0x1.0a30536685525p-1,0x1.34ab16cf4a12ap+1,0x1.310698e847674p+1,0x1.ec1c51fab78cbp+0,0x1.317fcecbca75bp+1,0x1.0000000000000p+0,0x1.06c329ed15e6ap+2,0x1.7a2ac3ef9875ap+0,73,373,794,950,899
19,1x1-in-1000,1,35,1000,317,947,0,0x1.abfa7a103b2e2p+1,0x1.fb1efbf6d25fap+0,0x1.d88d88d6af6b5p+0,0x1.9ba676089b2cbp+0,0x1.9c87e013ea0e2p-1,0x1.ac28515ec778cp+1,0x1.101d251631c54p+1,0x1.f4affbf80dcc0p+0,0x1.86682a64ebdbdp+1,0x1.0000000000000p+0,0x1.3611f1d996369p+2,0x1.74b7b3720f0ffp+0,117,444,832,841,828
19,2x1-in-1000,2,35,1000,317,987,0,0x1.e379605d1e4d5p+2,0x1.6504983aa8724p+1,0x1.572150903ac93p+1,0x1.b478589e6de7ap+1,0x1.10eac42c5dc0ep+0,0x1.a563be977afdap+2,0x1.de7a538efd64dp+1,0x1.47ee36b990f0dp+1,0x1.04e4c53466571p+2,0x1.0000000000000p+0,0x1.3f63d53a2f769p+3,0x1.ac96714a429fap+0,318,766,333,491,45
20,none,0,0,1000,745,255,0,0x0.0000000000000p+0,0x0.0000000000000p+0,0x0.0000000000000p+0,0x0.0000000000000p+0,0x0.0000000000000p+0,0x0.0000000000000p+0,0x1.0000000000000p+0,0x1.0000000000000p+0,0x1.0000000000000p+0,0x1.0000000000000p+0,0x1.0000000000000p+0,0x1.0000000000000p+0,0,0,944,944,945
20,1x1-in-100,1,126,1000,745,380,0,0x1.4a3bff1eb6952p+0,0x1.a479d2548f0cdp-1,0x1.dcd5485ff1701p-1,0x1.3ab8dd9df03c8p-1,0x1.f10c54f1cb200p-3,0x1.cd3cb73e85c68p-1,0x1.801715de7698cp+0,0x1.9cae03c8a53d8p+0,0x1.5a784e4af3d20p+0,0x1.1c129f4a61080p+0,0x1.e48a74d0e0d46p+0,0x1.8d131c187ff90p+0,6,48,913,955,933
20,2x1-in-100,2,126,1000,745,513,0,0x1.5f12a91e4c53fp+1,0x1.58af846d67091p+0,0x1.8a2dd5a217a83p+0,0x1.4b23ea812607ep+0,0x1.98b39a29d9970p-2,0x1.dca7c9b222b0ep+0,0x1.0b2e5a20ea083p+1,0x1.16953d1812ac0p+1,0x1.99d3800614884p+0,0x1.24cee1288046ap+0,0x1.789697bcc195ep+1,0x1.f23ad83f5358bp+0,63,323,758,892,818
20,1x1-in-1000,1,353,1000,745,616,0,0x1.4bb32a85f257ep+1,0x1.8d65cf55d84f1p+0,0x1.997238c3ad28bp+0,0x1.397eec8db1f2bp+0,0x1.dee342e4d586cp-2,0x1.fcdaa4ded0a03p+0,0x1.e3baec3bd0262p+0,0x1.20d837fbb6231p+1,0x1.ad5a7dfce65dap+0,0x1.2bc3631d0306cp+0,0x1.72cf7297a4608p+1,0x1.09c3c75609cfap+1,62,288,809,855,819
20,2x1-in-1000,2,353,1000,745,869,0,0x1.7bf3a50652237p+2,0x1.374bb79941606p+1,0x1.3f77e4ae9da7bp+1,0x1.638ef2d405158p+1,0x1.79e6b63de5086p-1,0x1.188eb4727d8d5p+2,0x1.8b5ac230bcd97p+1,0x1.a77e456a6b7dep+1,0x1.1058ecdd6a748p+1,0x1.2e2d9793c118ap+0,0x1.5ee5f21b38ccap+2,0x1.47714863e2e6ep+1,411,797,296,520,191
21,none,0,0,1000,1,999,0,0x0.0000000000000p+0,0x0.0000000000000p+0,0x0.0000000000000p+0,0x0.0000000000000p+0,0x0.0000000000000p+0,0x0.0000000000000p+0,0x1.0000000000000p+0,0x1.0000000000000p+0,0x1.0000000000000p+0,0x1.0000000000000p+0,0x1.0000000000000p+0,0x1.0000000000000p+0,0,0,978,994,991
21,1x1-in-100,1,1,1000,1,997,0,0x1.535615ae81861p-3,-0x1.affc97f14bd0ep-3,-0x1.16532d07e5d3ep-3,0x1.c3ee6bd743878p-3,0x0.0000000000000p+0,0x1.539f9d535efc0p-3,0x1.68a0dd5f58d1ap+0,0x1.020f35362d693p+0,0x1.0000000000000p+0,0x1.0000000000000p+0,0x1.2a9975904fa6cp+0,0x1.ef099be6f329bp-1,0,0,954,988,992
21,2x1-in-100,2,1,1000,1,989,0,0x1.4cadc96b97e7dp-2,-0x1.8b6986c2d0f19p-2,-0x1.0b13d5110c500p-2,0x1.d93d3adcb266cp-2,0x0.0000000000000p+0,0x1.12d697d48f0bep-2,0x1.d43e1582c5f3dp+0,0x1.ffbde61c7c5d7p-1,0x1.0000000000000p+0,0x1.ea6357846e18cp-1,0x1.6ebde55b39492p+0,0x1.84789c9ffc012p-1,0,0,921,963,991
21,1x1-in-1000,1,3,1000,1,995,0,0x1.4e7eb1799ebb0p-1,0x1.3d474762e3ee1p-2,0x1.c83971aa47e63p-2,0x1.fe545c03ae424p-1,0x1.1433380d39d71p+2,0x1.f027defb67e8cp+1,0x1.e29d5557de3f8p+0,0x1.f6a938e58b593p+0,0x1.f0c00fb2cafe8p+4,0x1.0000000000000p+0,0x1.19431e632dc78p+4,0x1.830a68ee5504fp+0,0,489,921,991,970
21,2x1-in-1000,2,3,1000,1,994,0,0x1.4b425aa863ae2p+0,0x1.f119ff5c4f410p-2,0x1.752ccd77e1615p-1,0x1.0861192be0afdp+1,0x1.7ebf7a5e13fb1p+2,0x1.d3827a5f43cc4p+2,0x1.f1029c23ee5bcp+1,0x1.50f8b72b23c1dp+1,0x1.356a354bcbecdp+6,0x1.0000000000000p+0,0x1.219d1c2446093p+5,0x1.c19bbd07ed725p+0,51,564,712,987,915
22,none,0,0,1000,668,332,0,0x0.0000000000000p+0,0x0.0000000000000p+0,0x0.0000000000000p+0,0x0.0000000000000p+0,0x0.0000000000000p+0,0x0.0000000000000p+0,0x1.0000000000000p+0,0x1.0000000000000p+0,0x1.0000000000000p+0,0x1.0000000000000p+0,0x1.0000000000000p+0,0x1.0000000000000p+0,0,0,942,933,929
22,1x1-in-100,1,12,1000,668,461,0,0x1.de4227e95bb8fp-1,0x1.3d6f39591872dp-1,0x1.774970cfd179ap-1,0x1.6771d72cece04p-2,0x1.9b2cd2980001cp-3,0x1.3380b2377127dp-1,0x1.4e14caf05d572p+0,0x1.5ee745144d8dcp+0,0x1.5a244b3b83ad1p+0,0x1.0e1e6f06174e6p+0,0x1.a6e43ab722172p+0,0x1.5848ec58b84c4p+0,9,51,958,965,962
22,2x1-in-100,2,12,1000,668,550,0,0x1.ec1206b97b7c1p+0,0x1.05cc90c5de32ap+0,0x1.384e4c3ba0872p+0,0x1.6fc1b24cc8fe1p-1,0x1.55fed312694bep-2,0x1.345ae61c3d70ap+0,0x1.a41fb4e23fb54p+0,0x1.b2ca11a8b6272p+0,0x1.9a3578b500241p+0,0x1.12adb478991dfp+0,0x1.2b5ca5f9cb846p+1,0x1.983df6ebaae92p+0,37,189,882,946,926
22,1x1-in-1000,1,35,1000,668,705,0,0x1.05e7f9330b512p+1,0x1.6f640460fe256p+0,0x1.75d89021245dcp+0,0x1.89eafbbd8f1d6p-1,0x1.f1633783d7a4ap-2,0x1.9c2e51e5f4c35p+0,0x1.8e8761ba3497bp+0,0x1.d52bd04022596p+0,0x1.db94710c91965p+0,0x1.1767a72412a7ap+0,0x1.51743ae2cb272p+1,0x1.c4128aa17b24ep+0,65,260,892,887,886
22,2x1-in-1000,2,35,1000,668,911,0,0x1.214a372cb56bep+2,0x1.20354ce6e5b0cp+1,0x1.262d8826317cep+1,0x1.abc6a126620d8p+0,0x1.84d8baa0f68aap-1,0x1.ba971993556a4p+1,0x1.1ffeb9ab38376p+1,0x1.42b357ea8aab6p+1,0x1.3357e3fe68dcap+1,0x1.1767a72412a7ap+0,0x1.27a343e743233p+2,0x1.0e449a5920898p+1,292,702,593,599,404
23,none,0,0,1000,944,56,0,0x0.0000000000000p+0,0x0.0000000000000p+0,0x0.0000000000000p+0,0x0.0000000000000p+0,0x0.0000000000000p+0,0x0.0000000000000p+0,0x1.0000000000000p+0,0x1.0000000000000p+0,0x1.0000000000000p+0,0x1.0000000000000p+0,0x1.0000000000000p+0,0x1.0000000000000p+0,0,0,954,952,958
23,1x1-in-100,1,126,1000,944,80,0,0x1.8a214f542a88cp-1,0x1.1865a198ca8a3p-1,0x1.4a0ffdc828a92p-1,0x1.367b53a887542p-2,0x1.09bd02d3b75a8p-3,0x1.b7fdf90ea181cp-2,0x1.41d04248312f5p+0,0x1.54f10fa96af82p+0,0x1.2af31db8a47e2p+0,0x1.16c3c53139feep+0,0x1.6dd8834e884dcp+0,0x1.5dea3be03adc1p+0,0,1,937,960,956
23,2x1-in-100,2,126,1000,944,124,0,0x1.9a273910c9a84p+0,0x1.f565f795833cep-1,0x1.273a61b85b012p+0,0x1.42cce55afcc4cp-1,0x1.da720f88d65f4p-3,0x1.c631ec1a61bd0p-1,0x1.8a18405e072dcp+0,0x1.acae92198955ap+0,0x1.4e3f154c52d3cp+0,0x1.272ea16b7940cp+0,0x1.e77929ffbe6afp+0,0x1.b79dfdfc2bb12p+0,9,75,848,908,868
23,1x1-in-1000,1,353,1000,944,146,0,0x1.78349d9a6ea2bp+0,0x1.1454247a46d50p+0,0x1.27f6327cb94a5p+0,0x1.265b6ba15baa4p-1,0x1.07f0effaf0310p-2,0x1.c7b9f41c7d0acp-1,0x1.735d09c46adf1p+0,0x1.ab5bc7fd555dap+0,0x1.5559590324222p+0,0x1.2e1942682c0a2p+0,0x1.dd34c8ca7eaa0p+0,0x1.c7c4813af9a68p+0,8,49,881,893,867
23,2x1-in-1000,2,353,1000,944,331,0,0x1.9a42bdfa1187ep+1,0x1.de19939f50c38p+0,0x1.fb58c5a3083f2p+0,0x1.419a2cfad0dedp+0,0x1.ca1881e52f56ap-2,0x1.f041285d94e51p+0,0x1.fe452dd9dac0ep+0,0x1.344928d17ab40p+1,0x1.96bba2ee33ca6p+0,0x1.496a84122d276p+0,0x1.77eb57f22423ep+1,0x1.419b21a13e358p+1,276,637,589,648,531
24,none,0,0,1000,58,942,0,0x0.0000000000000p+0,0x0.0000000000000p+0,0x0.0000000000000p+0,0x0.0000000000000p+0,0x0.0000000000000p+0,0x0.0000000000000p+0,0x1.0000000000000p+0,0x1.0000000000000p+0,0x1.0000000000000p+0,0x1.0000000000000p+0,0x1.0000000000000p+0,0x1.0000000000000p+0,0,0,971,952,973
24,1x1-in-100,1,1,1000,58,906,0,0x1.6f57072872a70p-3,-0x1.6e170f9ee99b6p-3,-0x1.d0ef68c0e7573p-4,0x1.586a1257e4a10p-4,-0x1.fe62169312530p-4,-0x1.def42f1a280e4p-4,0x1.29281a1a83573p+0,0x1.01ff2dfdbfffap+0,0x1.0000000000000p+0,0x1.fc60ab505f05cp-1,0x1.fd34cf0277977p-1,0x1.d8cf28a5e8b2dp-1,0,0,961,957,966
24,2x1-in-100,2,1,1000,58,837,0,0x1.6cf02b93ac96cp-2,-0x1.5833e62e0437ap-2,-0x1.c6c04db16c2b2p-3,0x1.579af2b116da0p-3,-0x1.db306b6ef126ap-3,-0x1.b6c6a2f62ca8ap-3,0x1.5288b9f6e8fa5p+0,0x1.01d0fe7238ebdp+0,0x1.0000000000000p+0,0x1.c71c8c35471bbp-1,0x1.0638af3126f7bp+0,0x1.98289c1103198p-1,0,0,937,934,957
24,1x1-in-1000,1,3,1000,58,882,0,0x1.490128832e113p-1,0x1.fce50052323fcp-2,0x1.28029a7204114p-1,0x1.50eca1064f364p-2,0x1.9591121c51c4ep-2,0x1.cdde9d13cfbb6p-1,0x1.58796c23ff4c4p+0,0x1.568967c47b2b2p+0,0x1.eb550a850873ep+2,0x1.0000000000000p+0,0x1.e4769c2bdbd93p+1,0x1.3f364f6039f9ep+0,0,167,931,975,961
24,2x1-in-1000,2,3,1000,58,901,0,0x1.4bd08adc6a2f0p+0,0x1.a04002a3b981cp-1,0x1.e605f9da3fc77p-1,0x1.552a9771be6c8p-1,0x1.3251fd48f260ep-1,0x1.b5eedc7cc7476p+0,0x1.bbbce4efb4f8ep+0,0x1.9acd185071cbdp+0,0x1.32eb4b5c0641ap+5,0x1.0000000000000p+0,0x1.50869541a6730p+3,0x1.6d53700c0815dp+0,28,294,835,958,907
25,none,0,0,1000,960,40,0,0x0.0000000000000p+0,0x0.0000000000000p+0,0x0.0000000000000p+0,0x0.0000000000000p+0,0x0.0000000000000p+0,0x0.0000000000000p+0,0x1.0000000000000p+0,0x1.0000000000000p+0,0x1.0000000000000p+0,0x1.0000000000000p+0,0x1.0000000000000p+0,0x1.0000000000000p+0,0,0,944,950,951
25,1x1-in-100,1,12,1000,960,57,0,0x1.dd756d96c3744p-2,0x1.40222c895ae8ep-2,0x1.97012f12e49a2p-2,0x1.09b59db060868p-3,0x1.33a3a86c1a1f8p-4,0x1.a504dedb831f0p-3,0x1.1e02159a8e5d2p+0,0x1.251cd220be515p+0,0x1.1a74f7cce889ep+0,0x1.0c7476b9b46bcp+0,0x1.365fec74a8e2ap+0,0x1.2e6438ed56a66p+0,0,0,947,965,953
25,2x1-in-100,2,12,1000,960,77,0,0x1.e305e1a55c79cp-1,0x1.263a94eb90210p-1,0x1.78f1beb07e08ep-1,0x1.0c9e05616bfe0p-2,0x1.1aef69e3e3298p-3,0x1.a64ce5e7adcc6p-2,0x1.3d224a9313c19p+0,0x1.4a1878998c084p+0,0x1.315cdfc7e7cf1p+0,0x1.16613b6bcfe4ap+0,0x1.6df09f2181da0p+0,0x1.5b0fe41e398c6p+0,1,16,905,956,926
25,1x1-in-1000,1,35,1000,960,131,0,0x1.f5b27d2f67d44p-1,0x1.a6f732f8c2da0p-1,0x1.c944da2c1faefp-1,0x1.184db87637ddap-2,0x1.98e71f5a96254p-3,0x1.0b78d8ff0c626p-1,0x1.383014a938cc6p+0,0x1.570ac77398642p+0,0x1.4632e53c38493p+0,0x1.224560c305d6cp+0,0x1.851178604f448p+0,0x1.799145b419c62p+0,4,21,911,920,909
25,2x1-in-1000,2,35,1000,960,239,0,0x1.075ae17af6732p+1,0x1.74d42924d2e18p+0,0x1.94b53575fd410p+0,0x1.24f9021408bd9p-1,0x1.6940ba224af14p-2,0x1.185ce97cfd5cap+0,0x1.763f4e02589d0p+0,0x1.b1618bcd221fdp+0,0x1.7e1bab58b82f6p+0,0x1.39c36686d3921p+0,0x1.0c781573d98b2p+1,0x1.efecd659ece86p+0,83,317,746,766,691
26,none,0,0,1000,1000,0,0,0x0.0000000000000p+0,0x0.0000000000000p+0,0x0.0000000000000p+0,0x0.0000000000000p+0,0x0.0000000000000p+0,0x0.0000000000000p+0,0x1.0000000000000p+0,0x1.0000000000000p+0,0x1.0000000000000p+0,0x1.0000000000000p+0,0x1.0000000000000p+0,0x1.0000000000000p+0,0,0,943,947,949
26,1x1-in-100,1,126,1000,1000,0,0,0x1.c468bd5be11d1p-2,0x1.58ffdf559df58p-2,0x1.9dabcbc1c7ff0p-2,0x1.d458d25bdbf38p-4,0x1.a6717d7bd1cc0p-5,0x1.423e7baa91158p-3,0x1.1a9f95af1eacep+0,0x1.1f6c7a22c9dc1p+0,0x1.0f8cfdf51994ep+0,0x1.0aa484d008d84p+0,0x1.286b082d61cacp+0,0x1.262de34b6eabap+0,0,0,947,952,950
26,2x1-in-100,2,126,1000,1000,0,0,0x1.cc9e116d72666p-1,0x1.48c368829aca2p-1,0x1.89f818f98f9f6p-1,0x1.dc40630cb8a28p-3,0x1.9203f06c702a0p-4,0x1.47adbbdb8f718p-2,0x1.365764a409c40p+0,0x1.3fac47e9a6e1bp+0,0x1.1dc7f03e3ccd0p+0,0x1.1422d14e4af86p+0,0x1.529391b0e798ap+0,0x1.4ce28e35e5f6ap+0,0,0,913,934,916
26,1x1-in-1000,1,353,1000,1000,0,0,0x1.9e16709da4736p-1,0x1.62c393f87043ap-1,0x1.82c5ec673a01dp-1,0x1.ac978b9071164p-3,0x1.b1d991ef95828p-4,0x1.4149ee83ad3d4p-2,0x1.2e82c3e866f41p+0,0x1.3c3c2bdf8e063p+0,0x1.1fcc7cb31bce9p+0,0x1.164bd1f08f0f6p+0,0x1.4eef915441113p+0,0x1.4deeaa18853e4p+0,0,0,929,930,918
26,2x1-in-1000,2,353,1000,1000,1,0,0x1.b00a838da5a1bp+0,0x1.4bb83ab72e15ep+0,0x1.67a7e8541eaaap+0,0x1.bed59e6e9f25ep-2,0x1.957281acf8e44p-3,0x1.507e01ba90dffp-1,0x1.61198e1e23cf8p+0,0x1.7d09634b8cd48p+0,0x1.3becf887c4a7ap+0,0x1.2954472fb79adp+0,0x1.a64ebf8950b74p+0,0x1.a0a320110b10ap+0,15,79,764,814,756
27,none,0,0,1000,234,766,0,0x0.0000000000000p+0,0x0.0000000000000p+0,0x0.0000000000000p+0,0x0.0000000000000p+0,0x0.0000000000000p+0,0x0.0000000000000p+0,0x1.0000000000000p+0,0x1.0000000000000p+0,0x1.0000000000000p+0,0x1.0000000000000p+0,0x1.0000000000000p+0,0x1.0000000000000p+0,0,0,966,979,981
27,1x1-in-100,1,2,1000,234,802,0,0x1.2931f2bd32174p-3,-0x1.8b08dda57c2f0p-3,-0x1.35a987b044cc8p-3,0x1.863bc7c9abce0p-5,-0x1.c3b39ed5005a8p-4,0x1.4f6826e912540p-7,0x1.1563f3393a357p+0,0x1.0255c2055735bp+0,0x1.0000000000000p+0,0x1.be83ba897c46ap-1,0x1.10459a7801c07p+0,0x1.c6e0a0d65e5b2p-1,0,0,965,988,985
27,2x1-in-100,2,2,1000,234,832,0,0x1.1babdc3fac1cbp-2,-0x1.70bd508cdf245p-2,-0x1.3a462577c1676p-2,0x1.748235f9d2e90p-4,-0x1.6bf00f11d4e74p-3,0x1.76a21fb09bd00p-6,0x1.288df6e2a7646p+0,0x1.04d952ae75f6dp+0,0x1.0000000000000p+0,0x1.8709ecf5ea48ap-1,0x1.1fa3570be8a8fp+0,0x1.97097d1a3f7d6p-1,0,0,948,990,990
27,1x1-in-1000,1,3,1000,234,724,0,0x1.3ecb9cfb5273ep-2,-0x1.282defb184924p-4,0x1.f2c2fa50a1f46p-7,0x1.862976cabb370p-4,0x0.0000000000000p+0,0x1.789f6a58c2f50p-4,0x1.222301c76cbf9p+0,0x1.10e584afea2c6p+0,0x1.0000000000000p+0,0x1.f5e5a2197d613p-1,0x1.21052b8daeeadp+0,0x1.0828648ce0658p+0,0,0,954,983,977
27,2x1-in-1000,2,3,1000,234,695,0,0x1.2fa9a13fcb72dp-1,-0x1.455433458417cp-3,0x1.0f6764efda79bp-11,0x1.746ff2bcda790p-3,0x0.0000000000000p+0,0x1.4d8069a5f4aa4p-3,0x1.41ea1ee2ca7c3p+0,0x1.1ebe35c95833fp+0,0x1.0000000000000p+0,0x1.dff8442e141fdp-1,0x1.3fa37a047714ep+0,0x1.08b77826c5177p+0,0,1,907,990,977
28,none,0,0,1000,866,134,0,0x0.0000000000000p+0,0x0.0000000000000p+0,0x0.0000000000000p+0,0x0.0000000000000p+0,0x0.0000000000000p+0,0x0.0000000000000p+0,0x1.0000000000000p+0,0x1.0000000000000p+0,0x1.0000000000000p+0,0x1.0000000000000p+0,0x1.0000000000000p+0,0x1.0000000000000p+0,0,0,937,943,937
28,1x1-in-100,1,22,1000,866,19,0,0x1.071d28696fc0dp-1,0x1.9758c51a66cc6p-2,0x1.0105434f8294ap-1,0x1.da428264b4ce0p-5,0x1.02b12725e248ep-2,0x1.5634169dca310p-3,0x1.0d51d53cb0d2cp+0,0x1.1122a7d82a14bp+0,0x1.7c4ac9298f4f7p+0,0x1.22f2fe9d82f68p+0,0x1.2fc0de94ee357p+0,0x1.260c03dafe2d2p+0,0,4,942,969,970
28,2x1-in-100,2,22,1000,866,2,0,0x1.f7a41f86cb06fp-1,0x1.5a8dad193c0cep-1,0x1.b68a07f26c3afp-1,0x1.c55ee16d85810p-4,0x1.bab4716ecb9fep-2,0x1.34963a3175b04p-2,0x1.1a89c3a597a82p+0,0x1.1f89e4285ef52p+0,0x1.0eab6f6cdad18p+1,0x1.39b7793e17cbcp+0,0x1.5b75fc757b15ep+0,0x1.42c50c1fb4ee3p+0,16,118,889,959,925
28,1x1-in-1000,1,28,1000,866,0,0,0x1.8676906c98508p-1,0x1.c52c33380ccdap-1,0x1.e4a48ce7e7110p-1,0x1.5d3c744891e40p-4,0x1.1b463b5cab154p-1,0x1.4bda5879c07fcp-2,0x1.1075c40cd2b9ap+0,0x1.1d76cf25f7be0p+0,0x1.3ecc7eb498460p+1,0x1.52fb624b76700p+0,0x1.6283988c0735ep+0,0x1.4f967323a2a8ep+0,21,137,932,946,912
28,2x1-in-1000,2,28,1000,866,0,0,0x1.76171b7db439dp+0,0x1.7f8589482e590p+0,0x1.8f08446d9da46p+0,0x1.4e6e6d574cd44p-3,0x1.de53287debfdbp-1,0x1.2954138271fddp-1,0x1.21bd5c08521b0p+0,0x1.35f59adfbcb32p+0,0x1.d6f5f79932ddbp+1,0x1.896e896a543c8p+0,0x1.ad8d194e1172ep+0,0x1.8d6c72446e8ffp+0,189,512,833,810,647
29,none,0,0,1000,1000,0,0,0x0.0000000000000p+0,0x0.0000000000000p+0,0x0.0000000000000p+0,0x0.0000000000000p+0,0x0.0000000000000p+0,0x0.0000000000000p+0,0x1.0000000000000p+0,0x1.0000000000000p+0,0x1.0000000000000p+0,0x1.0000000000000p+0,0x1.0000000000000p+0,0x1.0000000000000p+0,0,0,920,927,929
29,1x1-in-100,1,218,1000,1000,0,0,0x1.4d52840ce9abdp-1,0x1.51bec033c3f71p-1,0x1.8cca1656ce426p-1,0x1.c75ebda56d370p-5,0x1.c3a5a18fdd57cp-3,0x1.347616a6d56b0p-3,0x1.0b5c4f5557a4fp+0,0x1.11c5b25550029p+0,0x1.426c03857e2b4p+0,0x1.2edcd56609daep+0,0x1.22b245e333479p+0,0x1.2a911796166b0p+0,2,19,931,960,944
29,2x1-in-100,2,218,1000,1000,0,0,0x1.4037f3aae95fap+0,0x1.2ca1c454e24d0p+0,0x1.5cfefeba2463cp+0,0x1.b5037003618e0p-4,0x1.92ffed27450e0p-2,0x1.1d48489cda058p-2,0x1.16a75e245436dp+0,0x1.211e760ddf311p+0,0x1.78202a1c1a031p+0,0x1.514c760e7b6f0p+0,0x1.40e4475324a66p+0,0x1.4d5dc13d15fe2p+0,67,219,847,909,842
29,1x1-in-1000,1,281,1000,1000,0,0,0x1.ee134f6fa8e22p-1,0x1.4b06451cce2a3p+0,0x1.5646891ae9c28p+0,0x1.5147943e43ff0p-4,0x1.b9173bd6991aap-2,0x1.1555122479f1cp-2,0x1.0e9164c355dccp+0,0x1.1d7496550756bp+0,0x1.7e7e21e209262p+0,0x1.5f64be05f474ap+0,0x1.3bb4b6f66fa31p+0,0x1.51a2681f13168p+0,48,163,918,898,858
29,2x1-in-1000,2,281,1000,1000,0,0,0x1.dc0979cb7584bp+0,0x1.266eb12963160p+1,0x1.249fcd770f9e6p+1,0x1.452c86af4a628p-3,0x1.883aee950bbd7p-1,0x1.02740cfd3475bp-1,0x1.1dca82d6e16b1p+0,0x1.36e1f25d87598p+0,0x1.e41aa21e8be30p+0,0x1.a5c86a14e2360p+0,0x1.6fbb0787c3acdp+0,0x1.9645bcd6c9f02p+0,385,761,759,622,385
30,none,0,0,1000,375,625,0,0x0.0000000000000p+0,0x0.0000000000000p+0,0x0.0000000000000p+0,0x0.0000000000000p+0,0x0.0000000000000p+0,0x0.0000000000000p+0,0x1.0000000000000p+0,0x1.0000000000000p+0,0x1.0000000000000p+0,0x1.0000000000000p+0,0x1.0000000000000p+0,0x1.0000000000000p+0,0,0,949,982,983
30,1x1-in-100,1,2,1000,375,658,0,0x1.02767237b1879p-3,-0x1.10556f2916af5p-3,-0x1.93ad195cdebadp-4,0x1.9b9e511f68f20p-6,-0x1.9e5a11b061598p-4,-0x1.8e8d3c77e84b8p-5,0x1.09aa9c6de8fe5p+0,0x1.02f9aaad8cc58p+0,0x1.0000000000000p+0,0x1.d90c554cf4fbep-1,0x1.0679d2bfc442ep+0,0x1.e31868c41ea4ep-1,0,0,957,990,989
30,2x1-in-100,2,2,1000,375,696,0,0x1.f893ae0353282p-3,-0x1.0742a88d5ddb6p-2,-0x1.9d5792448a364p-3,0x1.91ccc5f99f810p-5,-0x1.8c46543d0e2c6p-3,-0x1.8c7c49ca71b3cp-4,0x1.12ec2cebe6940p+0,0x1.05cf077cd928dp+0,0x1.0000000000000p+0,0x1.b4c9cbb3e30dbp-1,0x1.0cede0e9dd339p+0,0x1.c85f1897e166cp-1,0,0,961,995,989
30,1x1-in-1000,1,3,1000,375,591,0,0x1.09833631536dbp-2,-0x1.a9b7b953c6588p-7,0x1.a94ffd019b4aep-5,0x1.9ea99eb3f3d50p-5,0x0.0000000000000p+0,0x1.9ff88045f6490p-5,0x1.0ffb2fcf0527ap+0,0x1.0a28244950afap+0,0x1.0000000000000p+0,0x1.fef15caba8c2dp-1,0x1.0fdf50c68685ap+0,0x1.0810124590afcp+0,0,0,962,983,981
30,2x1-in-1000,2,3,1000,375,580,0,0x1.02bbb01f5193ep-1,-0x1.3284f0965b4b6p-5,0x1.60eb56a5ffef1p-4,0x1.94ce7e8d50008p-4,0x0.0000000000000p+0,0x1.873a8b32ee040p-4,0x1.1f90db1b7ab55p+0,0x1.13805d8fdc2a7p+0,0x1.0000000000000p+0,0x1.f92adff08f0a6p-1,0x1.1f15cc53f7e62p+0,0x1.0d239f00cf54ep+0,0,0,933,984,982
31,none,0,0,1000,976,24,0,0x0.0000000000000p+0,0x0.0000000000000p+0,0x0.0000000000000p+0,0x0.0000000000000p+0,0x0.0000000000000p+0,0x0.0000000000000p+0,0x1.0000000000000p+0,0x1.0000000000000p+0,0x1.0000000000000p+0,0x1.0000000000000p+0,0x1.0000000000000p+0,0x1.0000000000000p+0,0,0,948,937,939
31,1x1-in-100,1,22,1000,976,1,0,0x1.8631560ac3296p-2,0x1.4b43eb7ce7700p-2,0x1.9f1cb7bd39540p-2,0x1.dfdafa9831d80p-6,0x1.098eb0acb16ecp-3,0x1.5952353eb16e8p-4,0x1.06dd4f3229b96p+0,0x1.085e4a70bc5dcp+0,0x1.390087548d416p+0,0x1.159b40ea5fcebp+0,0x1.183b23281114ep+0,0x1.142431a25ec2cp+0,0,0,943,956,959
31,2x1-in-100,2,22,1000,976,0,0,0x1.7d8d169c380eep-1,0x1.2f9b8430facb4p-1,0x1.7b764c884be29p-1,0x1.d4f0e5c00e7e0p-5,0x1.e8ee69e482cdcp-3,0x1.46940fc296b64p-3,0x1.0da6231815ff3p+0,0x1.1025d543baa9bp+0,0x1.6dfd27d8c6234p+0,0x1.2731f83827212p+0,0x1.2e570999ea958p+0,0x1.25da7556c713ap+0,3,14,914,963,938
31,1x1-in-1000,1,28,1000,976,0,0,0x1.1efd2647cb2d2p-1,0x1.7532c1c3c14fep-1,0x1.95062b8f547d8p-1,0x1.62323567eaa40p-5,0x1.24f52602901d6p-2,0x1.5b1909d398834p-3,0x1.08d51cc2d1c86p+0,0x1.0de96e2601f72p+0,0x1.868978439a5a2p+0,0x1.3214c605bf34ap+0,0x1.304a80605d914p+0,0x1.29ec0d88d8476p+0,3,21,933,952,936
31,2x1-in-1000,2,28,1000,976,0,0,0x1.1871af9e75558p+0,0x1.508442439ae44p+0,0x1.61f44a5dbcc14p+0,0x1.5a246909a7680p-4,0x1.0900023624f64p-1,0x1.438204dd3bf5cp-2,0x1.11dfb23cb1a21p+0,0x1.1a9b46524141fp+0,0x1.f298c31e48a22p+0,0x1.5a1d7de478616p+0,0x1.5876dbf0de71bp+0,0x1.4e68d54f63aadp+0,66,231,879,858,791
32,none,0,0,1000,1000,0,0,0x0.0000000000000p+0,0x0.0000000000000p+0,0x0.0000000000000p+0,0x0.0000000000000p+0,0x0.0000000000000p+0,0x0.0000000000000p+0,0x1.0000000000000p+0,0x1.0000000000000p+0,0x1.0000000000000p+0,0x1.0000000000000p+0,0x1.0000000000000p+0,0x1.0000000000000p+0,0,0,940,944,949
32,1x1-in-100,1,218,1000,1000,0,0,0x1.d59e1b8610b35p-2,0x1.df7a650c8db52p-2,0x1.1f7526df905bap-1,0x1.cf3953cfb7ba0p-6,0x1.c408bb20a5988p-4,0x1.36a6be5f2e708p-4,0x1.062e59e05ac04p+0,0x1.087f3fc1613f2p+0,0x1.1f6769910d1a0p+0,0x1.18f16879d8beep+0,0x1.120651f32b92ap+0,0x1.14d5e0d3451e6p+0,0,0,943,946,938
32,2x1-in-100,2,218,1000,1000,0,0,0x1.cbf13dc3657dfp-1,0x1.c318ee0d3daacp-1,0x1.0beb8eeec2ee2p+0,0x1.c5811825f7450p-5,0x1.a8df134c570f8p-3,0x1.2a33b46a53210p-3,0x1.0c493674f4be4p+0,0x1.10706ae5f6364p+0,0x1.3b63f4b239938p+0,0x1.2e84875d7671ep+0,0x1.22a5516597eaap+0,0x1.27ce9e515c154p+0,1,18,905,919,889
32,1x1-in-1000,1,281,1000,1000,0,0,0x1.5b4256be8c334p-1,0x1.d5e8bab8521dep-1,0x1.f87816364493bp-1,0x1.56d9bcd976d50p-5,0x1.bbf827c5e0570p-3,0x1.18d49ce655cb0p-3,0x1.083c3fd1653c8p+0,0x1.0db0bed165bc2p+0,0x1.3c8fb65c0f6bfp+0,0x1.325788c8df9eep+0,0x1.1f920674593aep+0,0x1.274da54978e1ep+0,1,4,935,919,897
32,2x1-in-1000,2,281,1000,1000,0,0,0x1.54be66591ff2ep+0,0x1.b805d71d23e60p+0,0x1.cc635590e5d14p+0,0x1.5053e3a08c770p-4,0x1.a03bdfd39f168p-2,0x1.0dbaed7b7af04p-2,0x1.108c1c729f457p+0,0x1.1a76fdd394bbcp+0,0x1.721e6e85b7518p+0,0x1.5dbc9dd376c36p+0,0x1.3ca20e4ce36b9p+0,0x1.4b6777874c288p+0,125,411,842,721,609
33,none,0,0,1000,496,504,0,0x0.0000000000000p+0,0x0.0000000000000p+0,0x0.0000000000000p+0,0x0.0000000000000p+0,0x0.0000000000000p+0,0x0.0000000000000p+0,0x1.0000000000000p+0,0x1.0000000000000p+0,0x1.0000000000000p+0,0x1.0000000000000p+0,0x1.0000000000000p+0,0x1.0000000000000p+0,0,0,948,983,981
33,1x1-in-100,1,2,1000,496,527,0,0x1.6964f092c8b4ep-4,-0x1.4d0553d7d677ep-4,-0x1.eeacb9e7731cep-5,0x1.495e6b35d1240p-7,-0x1.edd5d733fda58p-5,-0x1.a1d3340d9b890p-6,0x1.0360e949e90d6p+0,0x1.01bc010e1a0aap+0,0x1.0000000000000p+0,0x1.ec3fffe49af7dp-1,0x1.02232daa3bcf2p+0,0x1.f47b52dd38f68p-1,0,0,948,986,984
33,2x1-in-100,2,2,1000,496,556,0,0x1.65da464b53a99p-3,-0x1.48c99dc4b43d7p-3,-0x1.f4c99d057f670p-4,0x1.46145093b0f40p-6,-0x1.e890f20bd0e08p-4,-0x1.9c2eba7f47b60p-5,0x1.06b2518f666e8p+0,0x1.03716b7e8990bp+0,0x1.0000000000000p+0,0x1.d9059454fc5fcp-1,0x1.0442200366e30p+0,0x1.e93f85178be8cp-1,0,0,944,985,988
33,1x1-in-1000,1,3,1000,496,486,0,0x1.6b4ed6be98f74p-3,0x1.8e4286a85979ap-7,0x1.986472788c6a9p-5,0x1.492603696de20p-6,0x1.7980988524780p-7,0x1.7ecd89e356100p-6,0x1.05db7fed61b80p+0,0x1.047f0115303bfp+0,0x1.0000000000000p+0,0x1.01a16010a2969p+0,0x1.061dc80903730p+0,0x1.051997517a70ap+0,0,0,946,985,978
33,2x1-in-1000,2,3,1000,496,472,0,0x1.67bec5536747ep-2,0x1.43949218630a8p-6,0x1.8012846eda184p-4,0x1.45ed5bb75ef50p-5,0x1.705d6e9fa8440p-6,0x1.82eab9b448280p-5,0x1.0b9f5d49f73f2p+0,0x1.08e253b87eda9p+0,0x1.0000000000000p+0,0x1.028e53bf7da74p+0,0x1.0c18adf2f0c01p+0,0x1.09a38a1dd123ep+0,0,0,932,987,978
34,none,0,0,1000,1000,0,0,0x0.0000000000000p+0,0x0.0000000000000p+0,0x0.0000000000000p+0,0x0.0000000000000p+0,0x0.0000000000000p+0,0x0.0000000000000p+0,0x1.0000000000000p+0,0x1.0000000000000p+0,0x1.0000000000000p+0,0x1.0000000000000p+0,0x1.0000000000000p+0,0x1.0000000000000p+0,0,0,940,957,946
34,1x1-in-100,1,22,1000,1000,0,0,0x1.eed031e772662p-3,0x1.a90ff19eece5ap-3,0x1.0f1f1dd43cc63p-2,0x1.8686816546240p-7,0x1.9fa3f56572e90p-5,0x1.144c72de29280p-5,0x1.02e0c4f79e9e4p+0,0x1.0342ca99de226p+0,0x1.1207ea695e866p+0,0x1.09f999f981631p+0,0x1.092a83326e376p+0,0x1.0842eed13cfeap+0,0,0,932,955,956
34,2x1-in-100,2,22,1000,1000,0,0,0x1.ea2007413fe9dp-2,0x1.9a67eb5f1ac94p-2,0x1.049f7d69feb8ep-1,0x1.82e0ba489b060p-6,0x1.9181efacd0478p-4,0x1.0e305d5cc93d0p-4,0x1.05b8c21a1686dp+0,0x1.066fa4561cd9fp+0,0x1.22d808bc0c750p+0,0x1.133364be7e5afp+0,0x1.11e0a4ebe1408p+0,0x1.101e83fde96c2p+0,0,0,925,957,944
34,1x1-in-1000,1,28,1000,1000,0,0,0x1.6cc9dbbc9b800p-2,0x1.ea7505e4e9245p-2,0x1.10ebd7ad331a6p-1,0x1.20372f8f37920p-6,0x1.dd8937cabedf0p-4,0x1.18ce16ef81448p-4,0x1.03e3b25cf9154p+0,0x1.0539d59c1b9dcp+0,0x1.293c99aa230a9p+0,0x1.17575f88c4bbfp+0,0x1.12a64df067b3ep+0,0x1.11114ad4f9788p+0,0,0,929,949,941
34,2x1-in-1000,2,28,1000,1000,0,0,0x1.694ab051329a0p-1,0x1.d3b605340f868p-1,0x1.00255bf45d9f0p+0,0x1.1d8a885dd4eb0p-5,0x1.c81433696c9d0p-3,0x1.0f8509962eb30p-3,0x1.07c65c2838dccp+0,0x1.0a4621ab61f4cp+0,0x1.4eb1ed5379d5cp+0,0x1.2c82215c345a8p+0,0x1.23c4346c051b8p+0,0x1.211793a6b5ceap+0,1,1,910,900,882
35,none,0,0,1000,1000,0,0,0x0.0000000000000p+0,0x0.0000000000000p+0,0x0.0000000000000p+0,0x0.0000000000000p+0,0x0.0000000000000p+0,0x0.0000000000000p+0,0x1.0000000000000p+0,0x1.0000000000000p+0,0x1.0000000000000p+0,0x1.0000000000000p+0,0x1.0000000000000p+0,0x1.0000000000000p+0,0,0,946,949,947
35,1x1-in-100,1,218,1000,1000,0,0,0x1.2a103dc322d3cp-2,0x1.35f1c60ae1de6p-2,0x1.76da3972e92b4p-2,0x1.781c622874100p-7,0x1.6cb2a541f8300p-5,0x1.f33dfae3a7d60p-6,0x1.02a5ecc075876p+0,0x1.03407e437f487p+0,0x1.0c345a59f7452p+0,0x1.0a986458bd5e2p+0,0x1.07704d1ccfc3ap+0,0x1.08301c49c753dp+0,0,0,943,957,951
35,2x1-in-100,2,218,1000,1000,0,0,0x1.2777fa09a2eeep-1,0x1.2e2cd9a310804p-1,0x1.6b6884a94ed9cp-1,0x1.74e69d14390e0p-6,0x1.636b6b652fca8p-4,0x1.eb417674c1d80p-5,0x1.05457bd444931p+0,0x1.066d42e1225b6p+0,0x1.17d5d7501a398p+0,0x1.149d25dc8330ap+0,0x1.0ea3a44606fdap+0,0x1.1016ad5e01b76p+0,0,0,928,933,909
35,1x1-in-1000,1,281,1000,1000,0,0,0x1.b917d2c2568b2p-2,0x1.31d0b95b6fc90p-1,0x1.50735f49d25c2p-1,0x1.15c3358dd4600p-6,0x1.6a20ebc504c58p-4,0x1.c53ce0f25fdd0p-5,0x1.03a8cc819777bp+0,0x1.0514de5066cf3p+0,0x1.17f22a01dca3bp+0,0x1.155e11cf64f1dp+0,0x1.0d3f324de6168p+0,0x1.0f31366a8c431p+0,0,0,941,930,917
35,2x1-in-1000,2,281,1000,1000,0,0,0x1.b5a668bc7900ap-1,0x1.2973962dc4546p+0,0x1.4295d4111a3a3p+0,0x1.139c48a6e1f10p-5,0x1.5fead1bd77374p-3,0x1.bd398be2720b8p-4,0x1.074ee9cafe280p+0,0x1.0a09ba5d4c043p+0,0x1.2e9ccebeea4f3p+0,0x1.29783e1a8a581p+0,0x1.1a0541ed2eb24p+0,0x1.1dd8369553ccap+0,1,3,895,844,819
36,none,0,0,1000,531,469,0,0x0.0000000000000p+0,0x0.0000000000000p+0,0x0.0000000000000p+0,0x0.0000000000000p+0,0x0.0000000000000p+0,0x0.0000000000000p+0,0x1.0000000000000p+0,0x1.0000000000000p+0,0x1.0000000000000p+0,0x1.0000000000000p+0,0x1.0000000000000p+0,0x1.0000000000000p+0,0,0,953,948,945
36,1x1-in-100,1,5,1000,531,196,0,0x1.30e42bb34dd4bp-1,0x1.1e4e0eefba7f0p-2,0x1.9a88053260558p-2,0x1.a0df41d2f7b94p-3,0x1.50878f732ff84p-2,0x1.cf48c3bf49d38p-2,0x1.394c2702c548ap+0,0x1.33dbf36b9477bp+0,0x1.483d541631a48p+0,0x1.134c1776654eep+0,0x1.90a5e751c4983p+0,0x1.33d67c2315323p+0,0,44,936,976,975
36,2x1-in-100,2,5,1000,531,182,0,0x1.24432233335acp+0,0x1.aecbb3f0716bcp-2,0x1.4923b02c9f29dp-1,0x1.901a84f71904ap-2,0x1.01f8a5714ca5fp-1,0x1.8fe5b1a46ca14p-1,0x1.72f6cff2fa7d6p+0,0x1.5b7ffff85a884p+0,0x1.2d9f7e80bbe58p+2,0x1.18df1e3847321p+0,0x1.3cc2793a64b8bp+1,0x1.4f115986024f5p+0,19,178,859,976,959
36,1x1-in-1000,1,9,1000,531,315,0,0x1.2630a14e9ebc6p+0,0x1.0b0a477a9642ap+0,0x1.0d312c22b7f79p+0,0x1.8c2167406b6d8p-2,0x1.069e1ced215bap+0,0x1.599defa8d3114p+0,0x1.54584f9145bddp+0,0x1.839341cab0cf6p+0,0x1.0136a29771afap+5,0x1.4c87c0d01b026p+0,0x1.241c931dff049p+2,0x1.9f4e28575caa7p+0,66,362,895,927,891
36,2x1-in-1000,2,9,1000,531,437,0,0x1.1f2b8594cc88bp+1,0x1.8d2c6fe4bf944p+0,0x1.918cc3a6770b7p+0,0x1.83e8612096c20p-1,0x1.7ece15ca6e93ep+0,0x1.2e0d11f9ee356p+1,0x1.af0cd024ccec0p+0,0x1.e7b14af0cc94ep+0,0x1.e1326b8bbc2ffp+5,0x1.617f74e283efep+0,0x1.d499107c11bcbp+2,0x1.eae1f01b180e2p+0,220,659,719,758,519
37,none,0,0,1000,998,2,0,0x0.0000000000000p+0,0x0.0000000000000p+0,0x0.0000000000000p+0,0x0.0000000000000p+0,0x0.0000000000000p+0,0x0.0000000000000p+0,0x1.0000000000000p+0,0x1.0000000000000p+0,0x1.0000000000000p+0,0x1.0000000000000p+0,0x1.0000000000000p+0,0x1.0000000000000p+0,0,0,944,937,934
37,1x1-in-100,1,52,1000,998,1,0,0x1.b6b70c71e91dcp-1,0x1.560da9dd73936p-1,0x1.9441acac3590ep-1,0x1.9fe0b5c9e4868p-3,0x1.ebd1224400138p-3,0x1.8748e4425c676p-2,0x1.2bd89df5a7fb2p+0,0x1.3cdf8be276b10p+0,0x1.5625789c61f3ap+0,0x1.27f87a4862ee6p+0,0x1.637244f4e2f7ep+0,0x1.52093eb82029ep+0,7,42,937,950,942
37,2x1-in-100,2,52,1000,998,2,0,0x1.ac3740f06b5c0p+0,0x1.23ea14a859a32p+0,0x1.573a573b9cf96p+0,0x1.96551c85fa98cp-2,0x1.a123a139e0fd0p-2,0x1.70ea47462ed37p-1,0x1.58bbd9f2b1462p+0,0x1.723e2de73aed8p+0,0x1.95c0a8d1a9973p+0,0x1.41afd9eb503b0p+0,0x1.bf3bd1ee2f054p+0,0x1.91119f8295788p+0,68,289,834,901,832
37,1x1-in-1000,1,90,1000,998,5,0,0x1.6bbe3dc6ec6bep+0,0x1.4bcaa8265ecdap+0,0x1.5aebf0f7f766cp+0,0x1.5a8ba0326b3dcp-2,0x1.e31b45ae95d34p-2,0x1.7870160c1b660p-1,0x1.41351356d1979p+0,0x1.7038979109a81p+0,0x1.a62df7eafdc90p+0,0x1.4fd52936da190p+0,0x1.b77efcdc83ed5p+0,0x1.9fa0152f8d828p+0,63,246,889,873,836
37,2x1-in-1000,2,90,1000,998,13,0,0x1.6ba5590c51bacp+1,0x1.12041b64ae65ap+1,0x1.1af05ec68d313p+1,0x1.58e5be35a1b7fp-1,0x1.90076fc224ba7p-1,0x1.677ce72d1a735p+0,0x1.87887f80209a3p+0,0x1.d55600de05c70p+0,0x1.0d1770b4f0f4cp+1,0x1.8073dd22abdd4p+0,0x1.34cb10426b001p+1,0x1.0c5f432516acbp+1,407,776,625,563,323
38,none,0,0,1000,1000,0,0,0x0.0000000000000p+0,0x0.0000000000000p+0,0x0.0000000000000p+0,0x0.0000000000000p+0,0x0.0000000000000p+0,0x0.0000000000000p+0,0x1.0000000000000p+0,0x1.0000000000000p+0,0x1.0000000000000p+0,0x1.0000000000000p+0,0x1.0000000000000p+0,0x1.0000000000000p+0,0,0,947,938,942
38,1x1-in-100,1,525,1000,1000,0,0,0x1.ba0ae10473bf1p-1,0x1.67682c605ec31p-1,0x1.a45dbb9e8ac38p-1,0x1.8aa26963d0c80p-3,0x1.a55b0fe69fb64p-3,0x1.53be2b8cb4140p-2,0x1.2a1f6ffc4a643p+0,0x1.39494d2012170p+0,0x1.3dbebbd35a858p+0,0x1.2900d1d32128cp+0,0x1.525a6846dbfeap+0,0x1.4f0baa9f6436ap+0,4,19,927,954,950
38,2x1-in-100,2,525,1000,1000,0,0,0x1.b1b9163de9dfap+0,0x1.3be383e8c8fc4p+0,0x1.6ef76adaaa6c4p+0,0x1.83bfad61b03bcp-2,0x1.723ddf73c5c7cp-2,0x1.462dd8a60adf9p-1,0x1.54e67bba1769ep+0,0x1.6d777be6efcf2p+0,0x1.6ed56c00f1560p+0,0x1.45dfbf198ee80p+0,0x1.a1cd282d59e14p+0,0x1.9181b1623fac1p+0,60,257,805,911,839
38,1x1-in-1000,1,903,1000,1000,0,0,0x1.692a75b865730p+0,0x1.53c2e13b2458ap+0,0x1.62a20aaf32e5ep+0,0x1.4215affcd3136p-2,0x1.8d8aa6432d37ep-2,0x1.3bb99ca6ef8aep-1,0x1.3ed07881a89adp+0,0x1.66f94f76e0dc1p+0,0x1.7270bed49221ap+0,0x1.4ecbfd66e39f8p+0,0x1.91fddfc22524fp+0,0x1.9762b8d2ae7b8p+0,41,167,869,905,863
38,2x1-in-1000,2,903,1000,1000,0,0,0x1.68a8a50ac2692p+1,0x1.25b544e4ef5cap+1,0x1.2bf35fd063854p+1,0x1.42a98a8ed304dp-1,0x1.57f3c4df82bb3p-1,0x1.357a6db7c0060p+0,0x1.8196b15f50970p+0,0x1.c7db35df689bdp+0,0x1.cb2889c889d9cp+0,0x1.83075373fd102p+0,0x1.128c948d03b6ap+1,0x1.0b3d56472107cp+1,446,816,586,611,357
39,none,0,0,1000,919,81,0,0x0.0000000000000p+0,0x0.0000000000000p+0,0x0.0000000000000p+0,0x0.0000000000000p+0,0x0.0000000000000p+0,0x0.0000000000000p+0,0x1.0000000000000p+0,0x1.0000000000000p+0,0x1.0000000000000p+0,0x1.0000000000000p+0,0x1.0000000000000p+0,0x1.0000000000000p+0,0,0,940,955,955
39,1x1-in-100,1,5,1000,919,20,0,0x1.cadb0ed99748ep-2,0x1.01b12afd8370bp-2,0x1.650d6ba4432bfp-2,0x1.a175fde87e730p-4,0x1.28388bfb68658p-3,0x1.a6397f1ae8d58p-3,0x1.1b36c817ab151p+0,0x1.1b0df0103279cp+0,0x1.4449ba2d34baep+0,0x1.0fa058f3f8662p+0,0x1.49b50c0bd0dd2p+0,0x1.21fdd119d04fdp+0,0,4,947,974,976
39,2x1-in-100,2,5,1000,919,14,0,0x1.c2546ecb2a4ffp-1,0x1.b931c7cb076a4p-2,0x1.3734aade98c5dp-1,0x1.9874b7997b458p-3,0x1.fc82b39299498p-3,0x1.897f65e767cd4p-2,0x1.367648375eb60p+0,0x1.3384ea59adaccp+0,0x1.c5f54cf7ca202p+0,0x1.19cceff712b98p+0,0x1.989961a3512d4p+0,0x1.3c4579808dc82p+0,3,44,899,971,962
39,1x1-in-1000,1,9,1000,919,28,0,0x1.b4ba4f16cbe3ap-1,0x1.bf4ee86446f2ep-1,0x1.d9c9c40a9f141p-1,0x1.8a71be218eea8p-3,0x1.f4ffd5cef1e78p-2,0x1.3887226b7d1e6p-1,0x1.29caab533251bp+0,0x1.403406dd9688cp+0,0x1.5f71c214cb220p+1,0x1.3ba7bfedcd5aep+0,0x1.037b0a7628984p+1,0x1.6cc05cc1335c6p+0,23,154,917,943,938
39,2x1-in-1000,2,9,1000,919,46,0,0x1.afc9d478927e7p+0,0x1.71156c03d668fp+0,0x1.825f4f971d8d4p+0,0x1.847cd0b6fae88p-2,0x1.982ed5a1bc03fp-1,0x1.20109e0c164a4p+0,0x1.55aa7bf70d14ep+0,0x1.794efcff76242p+0,0x1.e92462cf776eap+1,0x1.5fcca0b7ef3fap+0,0x1.6ddf5b6aaef84p+1,0x1.be191b811b936p+0,154,488,811,836,703
40,none,0,0,1000,1000,0,0,0x0.0000000000000p+0,0x0.0000000000000p+0,0x0.0000000000000p+0,0x0.0000000000000p+0,0x0.0000000000000p+0,0x0.0000000000000p+0,0x1.0000000000000p+0,0x1.0000000000000p+0,0x1.0000000000000p+0,0x1.0000000000000p+0,0x1.0000000000000p+0,0x1.0000000000000p+0,0,0,947,941,946
40,1x1-in-100,1,52,1000,1000,0,0,0x1.2d27f4f0b1278p-1,0x1.fdd9aa9adae0ap-2,0x1.2eb752ef39584p-1,0x1.98a65b64972d8p-4,0x1.00806e38b12b0p-3,0x1.7b0cb079591ccp-3,0x1.166e218eaf038p+0,0x1.1d5a01454b0a4p+0,0x1.27f39ee567852p+0,0x1.189ce7c43ecf2p+0,0x1.2ff737b80ddb1p+0,0x1.2c020c555877ep+0,0,1,937,960,947
40,2x1-in-100,2,52,1000,1000,0,0,0x1.2a3749ceedce2p+0,0x1.d1c962782dacbp-1,0x1.13b8c9ca9508ap+0,0x1.943d8f138ab88p-3,0x1.d5dd2ce610b54p-3,0x1.702ff3c3a71d4p-2,0x1.2cfddcb0c5c4ep+0,0x1.395665db9c6f5p+0,0x1.4a0bae84ec68fp+0,0x1.2c50fd29d6992p+0,0x1.5debd80e2ca18p+0,0x1.53eff1ff40a10p+0,8,40,888,931,893
40,1x1-in-1000,1,90,1000,1000,0,0,0x1.f3152699574eap-1,0x1.0007aa68ba070p+0,0x1.120ba60f3febap+0,0x1.52da5edd5ea08p-3,0x1.003c0e576ea4ap-2,0x1.6d2b030930cdep-2,0x1.2229c2ce2c1a4p+0,0x1.345981c713eb0p+0,0x1.4fbff87b997e8p+0,0x1.3237aa8d5c772p+0,0x1.59cfd159017d4p+0,0x1.56e8c99e48e7cp+0,5,22,913,919,896
40,2x1-in-1000,2,90,1000,1000,0,0,0x1.f20bede623dfap+0,0x1.ca3f1ef7e801cp+0,0x1.e2a1143768d84p+0,0x1.5226e7eec389cp-2,0x1.cb3fe3e280c7ap-2,0x1.65523ac75f108p-1,0x1.458a498770f74p+0,0x1.66cc4ed18a0c9p+0,0x1.8ff4f0d183236p+0,0x1.58b2166afee20p+0,0x1.b07712734b8e0p+0,0x1.a5fa300787526p+0,210,558,743,727,609
41,none,0,0,1000,1000,0,0,0x0.0000000000000p+0,0x0.0000000000000p+0,0x0.0000000000000p+0,0x0.0000000000000p+0,0x0.0000000000000p+0,0x0.0000000000000p+0,0x1.0000000000000p+0,0x1.0000000000000p+0,0x1.0000000000000p+0,0x1.0000000000000p+0,0x1.0000000000000p+0,0x1.0000000000000p+0,0,0,935,946,947
41,1x1-in-100,1,525,1000,1000,0,0,0x1.27cfafb7c5a24p-1,0x1.eebf01c328640p-2,0x1.28bf39a50fd42p-1,0x1.87ca82960dd20p-4,0x1.95503d1151950p-4,0x1.47c794bcf1d2cp-3,0x1.15cf1960d03c6p+0,0x1.1b57c410fa7ecp+0,0x1.1c676342e9eeep+0,0x1.1583d2994c6b6p+0,0x1.2844d4f5f5a56p+0,0x1.2762045afdcb0p+0,0,0,935,955,942
41,2x1-in-100,2,525,1000,1000,0,0,0x1.25c60c428b733p+0,0x1.cdda22b487729p-1,0x1.133c2508cf55ap+0,0x1.84dcb8a4d2bf0p-3,0x1.7a134a124cd30p-3,0x1.41f06898f50ecp-2,0x1.2ba66181c9ca6p+0,0x1.35bc981d4af41p+0,0x1.3578d2a3bae18p+0,0x1.279fc72135ec0p+0,0x1.4fb339166114ap+0,0x1.4c33b097e3e80p+0,5,20,860,908,878
41,1x1-in-1000,1,903,1000,1000,0,0,0x1.de5c48673236bp-1,0x1.da42070f4d666p-1,0x1.0150f1f4bb226p+0,0x1.3d33f2bde5624p-3,0x1.848dc0806c520p-3,0x1.28f528b935930p-2,0x1.210a05363035ep+0,0x1.2f0a50842cb56p+0,0x1.359990a913912p+0,0x1.2a6c8f4dd9200p+0,0x1.47189d20d116ap+0,0x1.4a299890492f3p+0,2,8,902,905,890
41,2x1-in-1000,2,903,1000,1000,0,0,0x1.e112964c58454p+0,0x1.b6d251b8e4360p+0,0x1.d2952c3a142f6p+0,0x1.3e817806c9f40p-2,0x1.67d5727d6b5e4p-2,0x1.27ddd118e4e4ep-1,0x1.430a2313727f3p+0,0x1.5d8d3fbfdf03ep+0,0x1.6405b9130e8efp+0,0x1.4d52d297c242ep+0,0x1.8ee61314f7496p+0,0x1.90f84e32703b0p+0,173,457,725,728,610
42,none,0,0,1000,997,3,0,0x0.0000000000000p+0,0x0.0000000000000p+0,0x0.0000000000000p+0,0x0.0000000000000p+0,0x0.0000000000000p+0,0x0.0000000000000p+0,0x1.0000000000000p+0,0x1.0000000000000p+0,0x1.0000000000000p+0,0x1.0000000000000p+0,0x1.0000000000000p+0,0x1.0000000000000p+0,0,0,942,950,943
42,1x1-in-100,1,5,1000,997,0,0,0x1.24413a309e395p-2,0x1.5b1f38f69d58dp-3,0x1.e410ed135ffb6p-3,0x1.4f776c00b28b0p-5,0x1.bd134831adbd0p-5,0x1.3f9451f25eba0p-4,0x1.0aabedc9cc730p+0,0x1.0ac77d0491a94p+0,0x1.184a66433309ap+0,0x1.088dcd3c91ff3p+0,0x1.18a5e3cc8521ep+0,0x1.1029472a42808p+0,0,0,941,965,955
42,2x1-in-100,2,5,1000,997,0,0,0x1.221601360e0eep-1,0x1.44d91cee49408p-2,0x1.c80dba3b32c2dp-2,0x1.4cdd5e99217f0p-4,0x1.a10661152ab40p-4,0x1.3636c6788913cp-3,0x1.154ea06eef9e9p+0,0x1.153f2ccb05ffcp+0,0x1.2e1a9e7f87657p+0,0x1.0fdc07547d750p+0,0x1.3023c917cd4fep+0,0x1.1f0d443cb7b00p+0,0,0,926,969,956
42,1x1-in-1000,1,9,1000,997,0,0,0x1.13f39652ba3a6p-1,0x1.3db6aa5696c2cp-1,0x1.5b79d4dcd74abp-1,0x1.3c30b53087908p-4,0x1.92aa550de42e0p-3,0x1.e73bd3fb7f2b8p-3,0x1.115ef07671416p+0,0x1.179a6f0432750p+0,0x1.58c8c48af794ap+0,0x1.208e38010d34cp+0,0x1.4c88c881eade7p+0,0x1.32f412c3a4d16p+0,0,9,937,944,933
42,2x1-in-1000,2,9,1000,997,0,0,0x1.125ce9c49d57fp+0,0x1.1e74ecbc7794dp+0,0x1.34c5d5810569ap+0,0x1.3a419c3bd7844p-3,0x1.6ba5e3d05bfdcp-2,0x1.d4079922c299ap-2,0x1.2301968ea6eeep+0,0x1.2e467be747bf8p+0,0x1.9f76b08f74d34p+0,0x1.3a76058a5e1bap+0,0x1.919b44014f9acp+0,0x1.60de276a63ebep+0,23,111,885,863,822
43,none,0,0,1000,1000,0,0,0x0.0000000000000p+0,0x0.0000000000000p+0,0x0.0000000000000p+0,0x0.0000000000000p+0,0x0.0000000000000p+0,0x0.0000000000000p+0,0x1.0000000000000p+0,0x1.0000000000000p+0,0x1.0000000000000p+0,0x1.0000000000000p+0,0x1.0000000000000p+0,0x1.0000000000000p+0,0,0,942,944,941
43,1x1-in-100,1,52,1000,1000,0,0,0x1.753e9ef13dbe0p-2,0x1.445e4a1f47e1cp-2,0x1.8808c69bb15d2p-2,0x1.468411bf650d0p-5,0x1.9874dd2ecd0d0p-5,0x1.290983416ebe8p-4,0x1.0966d138441adp+0,0x1.0b28140cc4ea3p+0,0x1.0eac97d0592dep+0,0x1.0ae8f9d9f6c4ep+0,0x1.12b835fe4de56p+0,0x1.11e2df07c7b28p+0,0,0,949,954,944
43,2x1-in-100,2,52,1000,1000,0,0,0x1.73a16b4bbebe9p-1,0x1.381e1192346e7p-1,0x1.78020e0ecdcf6p-1,0x1.451a84af89740p-4,0x1.8905c5edba840p-4,0x1.2596cc43129c0p-3,0x1.12cb3b5fb62fcp+0,0x1.1622df0a5abe1p+0,0x1.1c554148e73f2p+0,0x1.14f2447542347p+0,0x1.250cd9845f008p+0,0x1.2338a84af952cp+0,0,0,915,937,922
43,1x1-in-1000,1,90,1000,1000,0,0,0x1.3318b616723fcp-1,0x1.4fae6354a4a9bp-1,0x1.6e9bfb10db1a4p-1,0x1.0cdd5ed1b9d58p-4,0x1.a5c038a969e78p-4,0x1.1c3ee6b236988p-3,0x1.0ea811eede01ep+0,0x1.13461b9d2a36bp+0,0x1.1df46e02b0354p+0,0x1.16e32206e5f88p+0,0x1.234a0ba167a3ap+0,0x1.23255e6af778ep+0,0,0,937,933,924
43,2x1-in-1000,2,90,1000,1000,0,0,0x1.32ddaceeb427ep+0,0x1.3ed226fa90134p+0,0x1.5864a7e3a6634p+0,0x1.0cd577ae396c8p-3,0x1.90a8b3a72d9d8p-3,0x1.19d478c4fcb30p-2,0x1.1d7575654c3acp+0,0x1.265e3a12ba750p+0,0x1.39141a1ead494p+0,0x1.2b54eb56bb79dp+0,0x1.45ff1ea9a97d6p+0,0x1.4543f5e46ef66p+0,4,39,837,846,791
44,none,0,0,1000,1000,0,0,0x0.0000000000000p+0,0x0.0000000000000p+0,0x0.0000000000000p+0,0x0.0000000000000p+0,0x0.0000000000000p+0,0x0.0000000000000p+0,0x1.0000000000000p+0,0x1.0000000000000p+0,0x1.0000000000000p+0,0x1.0000000000000p+0,0x1.0000000000000p+0,0x1.0000000000000p+0,0,0,955,942,948
44,1x1-in-100,1,525,1000,1000,0,0,0x1.700c3c3573f1cp-2,0x1.3bf74942617a1p-2,0x1.7e70c00fe81eap-2,0x1.384ed7a161690p-5,0x1.4783609fce7f0p-5,0x1.005d7600693f0p-4,0x1.0911a7eba9ef1p+0,0x1.0a7508879e1c8p+0,0x1.0b027e7c6d63bp+0,0x1.0952c87d7569cp+0,0x1.0fe1ba53ee3fep+0,0x1.0fd7f78f15d8cp+0,0,0,944,957,950
44,2x1-in-100,2,525,1000,1000,0,0,0x1.6eec9be859586p-1,0x1.32d221c8edf68p-1,0x1.7231902989188p-1,0x1.37726bbe14260p-4,0x1.3e235178813c8p-4,0x1.fd5e6de6fd5c0p-4,0x1.122193c014c6ap+0,0x1.14ce1bc1087d2p+0,0x1.1572914276a2cp+0,0x1.120f263cbf5b8p+0,0x1.1fa2f4352688fp+0,0x1.1f5b07ab728d0p+0,0,0,915,938,923
44,1x1-in-1000,1,903,1000,1000,0,0,0x1.2828abd53e8b2p-1,0x1.3377f8a27fb28p-1,0x1.539a7e54f84c8p-1,0x1.f619fd2065620p-5,0x1.3de2fef5515a8p-4,0x1.d0632c189e4e0p-4,0x1.0dfcd32966f22p+0,0x1.118abf88d2b7dp+0,0x1.1527b537fec63p+0,0x1.126790c165dc0p+0,0x1.1c4a16ab8e22ep+0,0x1.1d69a0cf06718p+0,0,0,935,937,928
44,2x1-in-1000,2,903,1000,1000,0,0,0x1.28ef338e61ceap+0,0x1.28f89a918f809p+0,0x1.44867e5716cf2p+0,0x1.f72167912f868p-4,0x1.3343b62a57488p-3,0x1.d030e74a432b8p-3,0x1.1c1f697973d8cp+0,0x1.2316a6dfe0a3ap+0,0x1.2904cb78017fap+0,0x1.2367afb8459e8p+0,0x1.38a4a72db86e3p+0,0x1.3a85e73fef808p+0,0,6,836,848,795
45,none,0,0,1000,283,717,0,0x0.0000000000000p+0,0x0.0000000000000p+0,0x0.0000000000000p+0,0x0.0000000000000p+0,0x0.0000000000000p+0,0x0.0000000000000p+0,0x1.0000000000000p+0,0x1.0000000000000p+0,0x1.0000000000000p+0,0x1.0000000000000p+0,0x1.0000000000000p+0,0x1.0000000000000p+0,0,0,930,933,937
45,1x1-in-100,1,9,1000,283,760,0,0x1.0dfebef5c01f1p+0,0x1.ab6fc816c968fp-1,0x1.d43387b7b863dp-1,0x1.b5c34958d1360p-2,0x1.93229324ff314p-2,0x1.8cfa576acf749p-1,0x1.6aa79168d07bdp+0,0x1.5fb0b31977110p+0,0x1.3ba56d1b397fep+1,0x1.0000000000000p+0,0x1.27346eb4512f4p+1,0x1.2999e25475f3bp+0,23,177,923,958,962
45,2x1-in-100,2,9,1000,283,833,0,0x1.054eb17791097p+1,0x1.44ad77e12f8bcp+0,0x1.69bff478197b6p+0,0x1.ab4e46d9aa5fdp-1,0x1.2a0bc8502c4c0p-1,0x1.58c795cfa44c4p+0,0x1.df84eb705a06ap+0,0x1.a76449852c924p+0,0x1.9f2d899867dacp+1,0x1.0000000000000p+0,0x1.b34e533532c53p+1,0x1.3bef893658a83p+0,85,378,796,933,893
45,1x1-in-1000,1,17,1000,283,905,0,0x1.eb64c5acb538bp+0,0x1.ac73c59b84967p+0,0x1.a75abe1727d66p+0,0x1.7ba3e826c767ap-1,0x1.95734dc2b0a74p-1,0x1.9e554f6314165p+0,0x1.9db206e7c8cb0p+0,0x1.a60a7102a58bep+0,0x1.edd787886e9a1p+1,0x1.0000000000000p+0,0x1.ce74a872375ccp+1,0x1.3a7b021ee2762p+0,101,432,867,878,866
45,2x1-in-1000,2,17,1000,283,965,0,0x1.e698bbd3bb21ep+1,0x1.34dcd48c2d816p+1,0x1.36529abc011a5p+1,0x1.73a84380ee897p+0,0x1.19b2a21a72221p+0,0x1.4c9cf9c3da4f5p+1,0x1.2a8b27e668202p+1,0x1.0aa69f1689d10p+1,0x1.4aa7866e301eep+2,0x1.0000000000000p+0,0x1.7cb9357992fe8p+2,0x1.4e1d0980eaa55p+0,310,736,574,588,194
46,none,0,0,1000,815,185,0,0x0.0000000000000p+0,0x0.0000000000000p+0,0x0.0000000000000p+0,0x0.0000000000000p+0,0x0.0000000000000p+0,0x0.0000000000000p+0,0x1.0000000000000p+0,0x1.0000000000000p+0,0x1.0000000000000p+0,0x1.0000000000000p+0,0x1.0000000000000p+0,0x1.0000000000000p+0,0,0,950,941,945
46,1x1-in-100,1,87,1000,815,306,0,0x1.12b8e8ac1e9c0p+0,0x1.8c2148108ec10p-1,0x1.cd1168d54641ap-1,0x1.7356757da1846p-2,0x1.b8cd4451e2224p-3,0x1.f6a5542d1feeap-2,0x1.5180dc4c022ccp+0,0x1.5b28180ce981cp+0,0x1.4fa904d37c9bep+0,0x1.1da616d5afebfp+0,0x1.8cb60730a4f56p+0,0x1.480b54e78445dp+0,3,40,928,937,932
46,2x1-in-100,2,87,1000,815,447,0,0x1.12c2eeae67ca9p+1,0x1.4625045467c08p+0,0x1.83d442d2235e7p+0,0x1.728e80500b16ap-1,0x1.70be0f06d5662p-2,0x1.d2295752f7993p-1,0x1.a8f251768f501p+0,0x1.a955af6929428p+0,0x1.8868c22e592f1p+0,0x1.2a45b75e29294p+0,0x1.0a949cf9e6645p+1,0x1.7460870783e5cp+0,69,293,777,887,807
46,1x1-in-1000,1,176,1000,815,514,0,0x1.e25340989fcf6p+0,0x1.6ef705e654b07p+0,0x1.88204d8fb5263p+0,0x1.45dbad4fc34fcp-1,0x1.a658898b99f64p-2,0x1.e187af8135fbcp-1,0x1.8308d5d1f3cffp+0,0x1.aa4547f3dfa76p+0,0x1.94e95f3277333p+0,0x1.3290bd9ce45b2p+0,0x1.05af94e821508p+1,0x1.8011bfcfd3df6p+0,63,245,843,852,815
46,2x1-in-1000,2,176,1000,815,793,0,0x1.f04dc2ca12063p+1,0x1.259ed22ebe42ep+1,0x1.3f666fb0074cep+1,0x1.4b1afd27a716dp+0,0x1.5221d3785244ep-1,0x1.bc52c890f542ep+0,0x1.0bf4e20c26011p+1,0x1.1d8bfae953edbp+1,0x1.f77851d1bebf2p+0,0x1.3674a3775858cp+0,0x1.8ebfd4b75af90p+1,0x1.aec1ce4955d23p+0,404,784,451,510,228
47,none,0,0,1000,953,47,0,0x0.0000000000000p+0,0x0.0000000000000p+0,0x0.0000000000000p+0,0x0.0000000000000p+0,0x0.0000000000000p+0,0x0.0000000000000p+0,0x1.0000000000000p+0,0x1.0000000000000p+0,0x1.0000000000000p+0,0x1.0000000000000p+0,0x1.0000000000000p+0,0x1.0000000000000p+0,0,0,936,946,928
47,1x1-in-100,1,867,1000,953,109,0,0x1.e66b00db0754ep-1,0x1.5d046e2a4af73p-1,0x1.a06b9599bc085p-1,0x1.5bbc3f57aee30p-2,0x1.6220689d0bc04p-3,0x1.acc0c64d6d674p-2,0x1.4f2bd1d7be2adp+0,0x1.577c88c2503e2p+0,0x1.37e5b1fcd4307p+0,0x1.1db3fc3f6a770p+0,0x1.75bbbe19d42acp+0,0x1.48332f1d189dcp+0,2,10,910,966,930
47,2x1-in-100,2,867,1000,953,178,0,0x1.e9b8d2920b07ep+0,0x1.2b048ae4dcb90p+0,0x1.6982017785248p+0,0x1.5cb347eaa45b2p-1,0x1.30eb7f015c92cp-2,0x1.9a74dfbeb1a48p-1,0x1.a380a9bae5bcep+0,0x1.a78f5d4aa8092p+0,0x1.62e52acca9254p+0,0x1.30d5b737f255cp+0,0x1.ebaee6baf3352p+0,0x1.7b6078f81253ep+0,70,250,759,900,789
47,1x1-in-1000,1,1757,1000,953,222,0,0x1.a2ed5875ba8fdp+0,0x1.3e88bcb759186p+0,0x1.5c8c588aa0898p+0,0x1.2cc4a821986d9p-1,0x1.4974ba16b6ea6p-2,0x1.8e153447e7ab8p-1,0x1.7f32015bb4713p+0,0x1.a16c4b7c7c100p+0,0x1.66997a3634a02p+0,0x1.37a06f147f01bp+0,0x1.d714fde1b93a5p+0,0x1.81bad88fee89dp+0,43,173,825,887,811
47,2x1-in-1000,2,1757,1000,953,528,0,0x1.b1fa34b91a85fp+1,0x1.0a69ce1ea0fa7p+1,0x1.26873589e7da3p+1,0x1.3706e379b0815p+0,0x1.122dc76f4d5cfp-1,0x1.7bb82770903e3p+0,0x1.07e20d8246792p+1,0x1.1bb610bc24f3ep+1,0x1.b0fec7168970dp+0,0x1.4dd577dc43b86p+0,0x1.5d165b1b7357ap+1,0x1.cb759c89b7d54p+0,421,779,460,555,320
48,none,0,0,1000,700,300,0,0x0.0000000000000p+0,0x0.0000000000000p+0,0x0.0000000000000p+0,0x0.0000000000000p+0,0x0.0000000000000p+0,0x0.0000000000000p+0,0x1.0000000000000p+0,0x1.0000000000000p+0,0x1.0000000000000p+0,0x1.0000000000000p+0,0x1.0000000000000p+0,0x1.0000000000000p+0,0,0,947,949,947
48,1x1-in-100,1,9,1000,700,410,0,0x1.7b04a262e1bdep-1,0x1.24d4961b6d5f0p-1,0x1.5db802600cff9p-1,0x1.ae865fd1955f4p-3,0x1.7d265dcc7608cp-3,0x1.63759f3d7e688p-2,0x1.327a5f46610dep+0,0x1.37940d03a4a48p+0,0x1.5ba4eb5af4bc4p+0,0x1.10d8a5330de2ep+0,0x1.7262cc1137ec4p+0,0x1.2e06d9102fc8dp+0,6,32,943,972,963
48,2x1-in-100,2,9,1000,700,526,0,0x1.7859f2fa35714p+0,0x1.e6e31b026e5e8p-1,0x1.284f33ec96506p+0,0x1.aaa3d5a79f78ap-2,0x1.446a755f871c0p-2,0x1.4a237992d00e7p-1,0x1.669708ddcf398p+0,0x1.68d39da243695p+0,0x1.9de7938dd5be6p+0,0x1.180b30428d91dp+0,0x1.dd11f3db99712p+0,0x1.4cae7911efbaep+0,27,149,870,948,910
48,1x1-in-1000,1,17,1000,700,617,0,0x1.4af944bb54f63p+0,0x1.2f33e7e97eca7p+0,0x1.43899c9afd554p+0,0x1.77b856f1416c0p-2,0x1.9dca58af46e00p-2,0x1.740723dbdf41ep-1,0x1.4d20ad40e52cdp+0,0x1.69b1e43328fafp+0,0x1.c5f7431b3ae82p+0,0x1.1d277fe2de2c3p+0,0x1.ec0988a06c952p+0,0x1.58a8d7d3f5717p+0,32,169,901,913,893
48,2x1-in-1000,2,17,1000,700,807,0,0x1.4ce762ee33ee2p+1,0x1.e4680ce138f0ep+0,0x1.05a7322138791p+1,0x1.7874769cd8913p-1,0x1.4dfd24b7433eep-1,0x1.56412f9bff146p+0,0x1.a0ccebbcac617p+0,0x1.bebe71986bdc4p+0,0x1.2252e25344e5ap+1,0x1.1dfbacffb92b8p+0,0x1.65b27d7071a89p+1,0x1.7bbc35bcb909ep+0,206,606,699,693,523
49,none,0,0,1000,972,28,0,0x0.0000000000000p+0,0x0.0000000000000p+0,0x0.0000000000000p+0,0x0.0000000000000p+0,0x0.0000000000000p+0,0x0.0000000000000p+0,0x1.0000000000000p+0,0x1.0000000000000p+0,0x1.0000000000000p+0,0x1.0000000000000p+0,0x1.0000000000000p+0,0x1.0000000000000p+0,0,0,938,934,935
49,1x1-in-100,1,87,1000,972,45,0,0x1.567de765d9a64p-1,0x1.0662904fe50f0p-1,0x1.3a7fd14d4d5dfp-1,0x1.6e208f7d2b474p-3,0x1.d0e62c47a0c50p-4,0x1.ed20b8e5b4cf8p-3,0x1.291e3e7d857afp+0,0x1.3060a315b4c7cp+0,0x1.253fb769c6cf8p+0,0x1.147e37c43541ap+0,0x1.43bbce73db31cp+0,0x1.2fbb7d933f864p+0,0,1,939,937,930
49,2x1-in-100,2,87,1000,972,63,0,0x1.56b43ba148264p+0,0x1.d7c75543e8910p-1,0x1.1d26dfc3ad996p+0,0x1.6eac04f0d93aap-2,0x1.a3ce3e51ffb94p-3,0x1.dd5cebc3baa26p-2,0x1.53742d4497fdep+0,0x1.5ede98aff9a6ep+0,0x1.4438ba408fa52p+0,0x1.240def51828c2p+0,0x1.86802140952cbp+0,0x1.58360d74cb6b0p+0,10,60,845,910,871
49,1x1-in-1000,1,176,1000,972,78,0,0x1.289cfa687ce89p+0,0x1.ff21324e6fb74p-1,0x1.180d557146a22p+0,0x1.3d5637e517266p-2,0x1.c643cae82c4f0p-3,0x1.d80adbcc5f59ap-2,0x1.427ee6762a5d1p+0,0x1.597e1fcc3c9c2p+0,0x1.48225efac8f04p+0,0x1.2922b41d7d825p+0,0x1.7e60e08e83806p+0,0x1.5bd44567a9686p+0,5,38,881,894,873
49,2x1-in-1000,2,176,1000,972,191,0,0x1.2eaadc5a056e8p+1,0x1.be554a6514d1ap+0,0x1.ed6799ffe8a07p+0,0x1.43869e0d1df06p-1,0x1.8e64ec2680ca6p-2,0x1.cb3132630b77cp-1,0x1.8a128902a68dep+0,0x1.b056d8248b0e7p+0,0x1.80d7da5b35b02p+0,0x1.45afba28e5a61p+0,0x1.ff11923ebb50fp+0,0x1.a434a34f40516p+0,249,570,648,661,544
50,none,0,0,1000,999,1,0,0x0.0000000000000p+0,0x0.0000000000000p+0,0x0.0000000000000p+0,0x0.0000000000000p+0,0x0.0000000000000p+0,0x0.0000000000000p+0,0x1.0000000000000p+0,0x1.0000000000000p+0,0x1.0000000000000p+0,0x1.0000000000000p+0,0x1.0000000000000p+0,0x1.0000000000000p+0,0,0,939,956,948
50,1x1-in-100,1,867,1000,999,1,0,0x1.43c818edac37ep-1,0x1.ef63b3ae8090bp-2,0x1.2ade77a305c8fp-1,0x1.53b3dbb4418f4p-3,0x1.6e3bf1d9e50b8p-4,0x1.a2bc1173b98c0p-3,0x1.27ac36ece243bp+0,0x1.2bbc1edcee176p+0,0x1.1b11faea3c280p+0,0x1.11f7a8aace835p+0,0x1.3809652d1e85ep+0,0x1.2b2387de9ae1fp+0,0,0,936,959,949
50,2x1-in-100,2,867,1000,999,3,0,0x1.455061be7c11bp+0,0x1.c7889b54f9d82p-1,0x1.1470d09d295d7p+0,0x1.55803496eb070p-2,0x1.51614fda4537cp-3,0x1.9ad8a53a63b12p-2,0x1.5096296958aaep+0,0x1.56b69ae68fd24p+0,0x1.3250cf0ecf042p+0,0x1.209bdedebf6a6p+0,0x1.7035e90b506b0p+0,0x1.515e35cad3e7cp+0,4,20,848,927,874
50,1x1-in-1000,1,1757,1000,999,4,0,0x1.12aa0f4f53199p+0,0x1.db71d84e7072bp-1,0x1.06305731df40fp+0,0x1.206b98e98809ep-2,0x1.5c352edd3551cp-3,0x1.823b0f483c042p-2,0x1.3fc958802d8f2p+0,0x1.4e69654b0823ep+0,0x1.33230700e3438p+0,0x1.22f2e2c32242ep+0,0x1.6513ca0d2892fp+0,0x1.501ed42e8508ap+0,3,5,894,921,892
50,2x1-in-1000,2,1757,1000,999,17,0,0x1.18d612987bf4ep+1,0x1.aca57ff769127p+0,0x1.d93c89ae01a21p+0,0x1.2758f5166b04ap-1,0x1.3adb53d68d0b8p-2,0x1.7e1d11eea3a43p-1,0x1.841fbac1f1371p+0,0x1.9d81c89380340p+0,0x1.5d92b90a16996p+0,0x1.3dc0246df134ep+0,0x1.cdada9f9b56ebp+0,0x1.95a593747e9dap+0,177,497,652,711,593
51,none,0,0,1000,974,26,0,0x0.0000000000000p+0,0x0.0000000000000p+0,0x0.0000000000000p+0,0x0.0000000000000p+0,0x0.0000000000000p+0,0x0.0000000000000p+0,0x1.0000000000000p+0,0x1.0000000000000p+0,0x1.0000000000000p+0,0x1.0000000000000p+0,0x1.0000000000000p+0,0x1.0000000000000p+0,0,0,952,953,955
51,1x1-in-100,1,9,1000,974,39,0,0x1.b19e3dbbac7f8p-2,0x1.4a08e3bacf59dp-2,0x1.9a6ed4210d048p-2,0x1.551720eb43cf8p-4,0x1.37a83a055b8d8p-4,0x1.19f3d710cc950p-3,0x1.144769b08e063p+0,0x1.16cc8053b4b38p+0,0x1.1c4d0223741dcp+0,0x1.0cc151f5a8710p+0,0x1.28896f95cf341p+0,0x1.1bd0e1a2190f2p+0,0,0,943,965,962
51,2x1-in-100,2,9,1000,974,54,0,0x1.b05ca1e483eaep-1,0x1.31e06a4fd422dp-1,0x1.7ddad65631569p-1,0x1.541054b7ad1acp-3,0x1.1fd2b0a006a3cp-3,0x1.11eb324abe34ap-2,0x1.28c72da13010ep+0,0x1.2d06380646b8ep+0,0x1.34b264f8cf985p+0,0x1.174f0f8eafec4p+0,0x1.4fabe367c87bap+0,0x1.34c4fdfd25c19p+0,2,4,903,947,930
51,1x1-in-1000,1,17,1000,974,65,0,0x1.76f196be7dddfp-1,0x1.7864f560315eap-1,0x1.9f4da1e36caebp-1,0x1.27607703d4b6cp-3,0x1.654ef2fb35e34p-3,0x1.2c05266cfff76p-2,0x1.1ff409a8e20d0p+0,0x1.2b0a55818431bp+0,0x1.40e2bccf01895p+0,0x1.1e2979f98fb13p+0,0x1.5584788a7d689p+0,0x1.3ba5c1551c9fep+0,2,6,923,928,921
51,2x1-in-1000,2,17,1000,974,139,0,0x1.798034eaf1889p+0,0x1.50a677efa27dcp+0,0x1.74aec0b5aaa7ap+0,0x1.28a9b8f181040p-2,0x1.3e86a45233c8ep-2,0x1.21733754ed0d6p-1,0x1.40f6fc29c3a5bp+0,0x1.54dc98ac197e8p+0,0x1.749f7885689eep+0,0x1.351b344909d74p+0,0x1.a782a9989cff1p+0,0x1.6f526a8de4674p+0,44,210,826,812,764
52,none,0,0,1000,1000,0,0,0x0.0000000000000p+0,0x0.0000000000000p+0,0x0.0000000000000p+0,0x0.0000000000000p+0,0x0.0000000000000p+0,0x0.0000000000000p+0,0x1.0000000000000p+0,0x1.0000000000000p+0,0x1.0000000000000p+0,0x1.0000000000000p+0,0x1.0000000000000p+0,0x1.0000000000000p+0,0,0,951,945,945
52,1x1-in-100,1,87,1000,1000,0,0,0x1.a20ab65f91d9ap-2,0x1.523cfec6f755ep-2,0x1.972add589ce18p-2,0x1.22c3a9c1c3860p-4,0x1.7be20e58fd760p-5,0x1.875a629fdbb78p-4,0x1.1109a1a23e70ap+0,0x1.130623d807822p+0,0x1.0de148f215678p+0,0x1.09c53894516b8p+0,0x1.19dc1917e8c2cp+0,0x1.15c4bd6ba6c0ep+0,0,0,950,947,949
52,2x1-in-100,2,87,1000,1000,0,0,0x1.a2fcd436f733fp-1,0x1.4310329a259bep-1,0x1.86332956d1752p-1,0x1.23374e3d55cf4p-3,0x1.6b07e8985ec68p-4,0x1.8379e396eb7c0p-3,0x1.224193e7e0327p+0,0x1.25e67bc1b74f8p+0,0x1.1aac179efcbe2p+0,0x1.1293599609a6cp+0,0x1.33818f4100d3fp+0,0x1.2aa7d131e70f0p+0,0,0,916,935,923
52,1x1-in-1000,1,176,1000,1000,0,0,0x1.662ce96ba4d1ap-1,0x1.54a70aaa72616p-1,0x1.7712ea3523baep-1,0x1.f10b85fab9780p-4,0x1.7e3fd629f6328p-4,0x1.73a253d889850p-3,0x1.1bde03e8fec5bp+0,0x1.2208b5f0e4a50p+0,0x1.1bb7c4b614528p+0,0x1.13eed8b4d1e6cp+0,0x1.303e565d9dbf6p+0,0x1.29f81a3abf360p+0,0,0,932,931,925
52,2x1-in-1000,2,176,1000,1000,0,0,0x1.69a718d0f4446p+0,0x1.4071978f1cbb5p+0,0x1.60b991248eb2cp+0,0x1.f60484af2cf88p-3,0x1.66d4c82b1ca20p-3,0x1.70fc1e9389540p-2,0x1.3892ebe9d6de9p+0,0x1.444e0e9ffc1ebp+0,0x1.3466d1f1d7162p+0,0x1.252fd78e2f80cp+0,0x1.60c39569d07b8p+0,0x1.51e7bdc4d2ccfp+0,6,51,820,813,768
53,none,0,0,1000,1000,0,0,0x0.0000000000000p+0,0x0.0000000000000p+0,0x0.0000000000000p+0,0x0.0000000000000p+0,0x0.0000000000000p+0,0x0.0000000000000p+0,0x1.0000000000000p+0,0x1.0000000000000p+0,0x1.0000000000000p+0,0x1.0000000000000p+0,0x1.0000000000000p+0,0x1.0000000000000p+0,0,0,951,944,953
53,1x1-in-100,1,867,1000,1000,0,0,0x1.90db8ad64cd16p-2,0x1.447a49a0bb2ccp-2,0x1.87f6896a2b48cp-2,0x1.0f051194701f8p-4,0x1.2d556c58d2220p-5,0x1.4f1301d4241d8p-4,0x1.10243baaae670p+0,0x1.11755cb777ca8p+0,0x1.0a7a16fcb64d8p+0,0x1.083147dd0a2c0p+0,0x1.15df7cd12bcc7p+0,0x1.130311a695e82p+0,0,0,955,944,952
53,2x1-in-100,2,867,1000,1000,0,0,0x1.9230c65cbecf5p-1,0x1.395cbd4817600p-1,0x1.7aa4441511c06p-1,0x1.0fefb7b6fcd00p-3,0x1.22c4b9e061a90p-4,0x1.4d05a13cdb5f8p-3,0x1.2077f1bd7a07ep+0,0x1.22e497d681522p+0,0x1.1447b891c66c7p+0,0x1.0fbeeccfcf4abp+0,0x1.2bbabb70149c8p+0,0x1.257b7d997d194p+0,0,0,924,932,922
53,1x1-in-1000,1,1757,1000,1000,0,0,0x1.502a38a572e54p-1,0x1.39db40f3920d7p-1,0x1.5c5253abf62bcp-1,0x1.c5f94d7dc5ce8p-4,0x1.23b5fb94dc020p-4,0x1.30b208824174cp-3,0x1.1a2d4a1dbc902p+0,0x1.1e3531bd9b928p+0,0x1.141b273ef89f9p+0,0x1.101ef6ced212ap+0,0x1.2735f487e77e1p+0,0x1.2351af60fd14cp+0,0,0,938,931,933
53,2x1-in-1000,2,1757,1000,1000,0,0,0x1.53df7df654c76p+0,0x1.2c01e85d9df85p+0,0x1.4c20120d0525ap+0,0x1.cb7e994529c3cp-3,0x1.168cb5e5145dcp-3,0x1.308b845e30780p-2,0x1.3523dcd612678p+0,0x1.3cdeeb273f7d0p+0,0x1.269f72beeef82p+0,0x1.1e9d12c46dde4p+0,0x1.4f1865b59d1d5p+0,0x1.45b3b04e69dfcp+0,2,6,837,847,815
54,none,0,0,1000,487,513,0,0x0.0000000000000p+0,0x0.0000000000000p+0,0x0.0000000000000p+0,0x0.0000000000000p+0,0x0.0000000000000p+0,0x0.0000000000000p+0,0x1.0000000000000p+0,0x1.0000000000000p+0,0x1.0000000000000p+0,0x1.0000000000000p+0,0x1.0000000000000p+0,0x1.0000000000000p+0,0,0,943,972,977
54,1x1-in-100,1,9,1000,487,450,0,0x1.2f1743e264b25p-2,0x1.ca50762595727p-6,0x1.b36aa7102444fp-4,0x1.38c05520f0750p-5,0x1.3a36938e428f0p-5,0x1.8498c9b1f9320p-5,0x1.0bdc9837afe12p+0,0x1.07fb647a5f74dp+0,0x1.0000000000000p+0,0x1.0345d39ebf42ap+0,0x1.0cb054be80cbcp+0,0x1.0875afa2fc7fap+0,0,0,943,981,983
54,2x1-in-100,2,9,1000,487,396,0,0x1.214eb89862c08p-1,0x1.de83556b89aacp-6,0x1.6f0359d518f85p-3,0x1.2a829ea1b9170p-4,0x1.58b20e3641c70p-4,0x1.7479d046d3ee8p-4,0x1.16e965425c051p+0,0x1.0edb624558df8p+0,0x1.0000000000000p+0,0x1.025ca8df3f9a1p+0,0x1.182e3c53dfb77p+0,0x1.0d6ef3288b236p+0,0,1,911,981,980
54,1x1-in-1000,1,11,1000,487,301,0,0x1.c8285506c9aa6p-2,0x1.12a7a0abfbbd3p-2,0x1.6d39a6f68e627p-2,0x1.d4f7cdf6e7970p-5,0x1.cf9447db9a196p-2,0x1.8c3c19b6e5bacp-3,0x1.0e7b297b82842p+0,0x1.0f90839dea350p+0,0x1.0000000000000p+0,0x1.29d85600aaac2p+0,0x1.1a5ed470f7e6ap+0,0x1.230cfdd331890p+0,0,0,938,972,973
54,2x1-in-1000,2,11,1000,487,151,0,0x1.b3ba73e869304p-1,0x1.ca161658076ebp-2,0x1.374ace8ef561cp-1,0x1.bfc9c33dfcb50p-4,0x1.db749ad8264b4p-1,0x1.787482289d254p-2,0x1.1c78d4a6424b2p+0,0x1.1cfc9eaa3e392p+0,0x1.0000000000000p+0,0x1.43610dd796e0fp+0,0x1.384b7a641c3c2p+0,0x1.3bd86fb80a580p+0,2,37,876,957,943
55,none,0,0,1000,991,9,0,0x0.0000000000000p+0,0x0.0000000000000p+0,0x0.0000000000000p+0,0x0.0000000000000p+0,0x0.0000000000000p+0,0x0.0000000000000p+0,0x1.0000000000000p+0,0x1.0000000000000p+0,0x1.0000000000000p+0,0x1.0000000000000p+0,0x1.0000000000000p+0,0x1.0000000000000p+0,0,0,936,926,929
55,1x1-in-100,1,92,1000,991,0,0,0x1.21fcfd702bcadp-1,0x1.276762adc800cp-1,0x1.5f37886f9568bp-1,0x1.4646c3d7a1f30p-5,0x1.d17af39edb724p-3,0x1.c3d3dc347bd30p-4,0x1.084f3685f71bbp+0,0x1.0c60c1b1b413dp+0,0x1.5154d33247ca6p+0,0x1.2b0b69f0741acp+0,0x1.1baf8aef68554p+0,0x1.1cc5de7d5476ep+0,6,21,924,956,963
55,2x1-in-100,2,92,1000,991,0,0,0x1.154241d48ec11p+0,0x1.04868bddd47bep+0,0x1.33f805774b11ep+0,0x1.37c93f2268d78p-4,0x1.9b786e58f8b92p-2,0x1.990d2c3ff300cp-3,0x1.10982f25acc10p+0,0x1.16e04bbf31e6dp+0,0x1.91c77f2293396p+0,0x1.4a2121b735432p+0,0x1.3251f6df21ff5p+0,0x1.332252cf4690cp+0,45,180,874,926,879
55,1x1-in-1000,1,111,1000,991,0,0,0x1.a267b12754f93p-1,0x1.2a646b36dd8e5p+0,0x1.35b623fd9b4f8p+0,0x1.d4fef6d550580p-5,0x1.d2491c8f47cd2p-2,0x1.99a3a89f0cb30p-3,0x1.0a1affb5d33c4p+0,0x1.141ca4f77a881p+0,0x1.9e42923ba16dbp+0,0x1.5bcf4b98ad882p+0,0x1.2fbb67a987166p+0,0x1.372369ea86e35p+0,39,140,913,920,887
55,2x1-in-1000,2,111,1000,991,0,0,0x1.9055eb6e77b25p+0,0x1.07284e934db54p+1,0x1.05f5575ce980cp+1,0x1.c09581874cb40p-4,0x1.9a9fdd1e507a3p-1,0x1.6ee839fb13458p-2,0x1.14b9582c44792p+0,0x1.24d80ac6059dcp+0,0x1.0cb766735e5a8p+1,0x1.9deea039440acp+0,0x1.55ef0dc5d8962p+0,0x1.617668ba6f19cp+0,322,678,823,729,510
56,none,0,0,1000,1000,0,0,0x0.0000000000000p+0,0x0.0000000000000p+0,0x0.0000000000000p+0,0x0.0000000000000p+0,0x0.0000000000000p+0,0x0.0000000000000p+0,0x1.0000000000000p+0,0x1.0000000000000p+0,0x1.0000000000000p+0,0x1.0000000000000p+0,0x1.0000000000000p+0,0x1.0000000000000p+0,0,0,951,948,947
56,1x1-in-100,1,919,1000,1000,0,0,0x1.3cd8e6633cbefp-1,0x1.5c43a91cfdeebp-1,0x1.9698249ffcc44p-1,0x1.459dc26e9d960p-5,0x1.b81f732ad56fcp-3,0x1.ba351dee463b0p-4,0x1.07fe5a65d4128p+0,0x1.0ca4ba8462032p+0,0x1.3cca732869c18p+0,0x1.2f74c08ea5c19p+0,0x1.18933201070fep+0,0x1.1e45526d1522ep+0,0,7,948,959,948
56,2x1-in-100,2,919,1000,1000,0,0,0x1.2f17f30e016b0p+0,0x1.3847b3fd39832p+0,0x1.683eb3767571ep+0,0x1.37815006a3698p-4,0x1.8a9b7dd3d268cp-2,0x1.94a2579989cfcp-3,0x1.0feaeec33386fp+0,0x1.1767d39c5b638p+0,0x1.6ed0fbe78e672p+0,0x1.52e472f7cad18p+0,0x1.2d94417258050p+0,0x1.364a1d8cf63d5p+0,48,216,859,905,848
56,1x1-in-1000,1,1112,1000,1000,0,0,0x1.c966edfd27918p-1,0x1.5412cb24283d2p+0,0x1.5cebadfe4fec4p+0,0x1.d4fe0ae55ffd0p-5,0x1.ab1d71f883400p-2,0x1.83c22353cccb4p-3,0x1.09c3bce162ca5p+0,0x1.145e940bf8349p+0,0x1.735b036d9449ap+0,0x1.604069fd214fep+0,0x1.29a30821ae16ap+0,0x1.38450c331fe30p+0,31,140,927,888,857
56,2x1-in-1000,2,1112,1000,1000,0,0,0x1.b634132e78118p+0,0x1.3159b599e9143p+1,0x1.2d54cb026f250p+1,0x1.c16041fb009c8p-4,0x1.7f93f68fcde7ap-1,0x1.620e08bac2212p-2,0x1.141e02eacab69p+0,0x1.258d025b9a504p+0,0x1.d21166abb0d36p+0,0x1.a8790df7be1c1p+0,0x1.4ccd818693c0dp+0,0x1.64ebe3e6da5eep+0,400,794,805,612,356
57,none,0,0,1000,686,314,0,0x0.0000000000000p+0,0x0.0000000000000p+0,0x0.0000000000000p+0,0x0.0000000000000p+0,0x0.0000000000000p+0,0x0.0000000000000p+0,0x1.0000000000000p+0,0x1.0000000000000p+0,0x1.0000000000000p+0,0x1.0000000000000p+0,0x1.0000000000000p+0,0x1.0000000000000p+0,0,0,944,955,963
57,1x1-in-100,1,9,1000,686,267,0,0x1.d129d25a41ab2p-3,0x1.6cce2cd83eb94p-5,0x1.a227161071caep-4,0x1.4008e2ad3f700p-6,0x1.486b11b81d4a0p-5,0x1.00a52be9c5680p-5,0x1.059d6146fee6cp+0,0x1.0470bd7dee390p+0,0x1.0000000000000p+0,0x1.036d30153a2e0p+0,0x1.0709cb0f571d0p+0,0x1.05595a5627336p+0,0,0,936,964,974
57,2x1-in-100,2,9,1000,686,237,0,0x1.c6151acd5025cp-2,0x1.34f73759a56e6p-4,0x1.803f8f686e3e4p-3,0x1.386d256134cc0p-5,0x1.387c035810488p-4,0x1.ec937ba17a6d0p-5,0x1.0b07bc28b95c1p+0,0x1.089dca4d73856p+0,0x1.0000000000000p+0,0x1.0541c9f2dc3ffp+0,0x1.0db583f64043ep+0,0x1.09aee36bac483p+0,0,0,922,964,976
57,1x1-in-1000,1,11,1000,686,174,0,0x1.5d8e258ca2079p-2,0x1.0559184c5f01ep-2,0x1.43f80c0b4a6c4p-2,0x1.dfd05cb3bef80p-6,0x1.d51b82a89ae90p-3,0x1.a73ade2a98028p-4,0x1.07347c26c0fddp+0,0x1.07fa4db621d52p+0,0x1.0000000000000p+0,0x1.19fbd1f1b1f12p+0,0x1.11781137485eep+0,0x1.138c1dcefd19ep+0,0,0,933,967,970
57,2x1-in-1000,2,11,1000,686,99,0,0x1.55613b714dc8bp-1,0x1.dad04b001a4ccp-2,0x1.259580d208b80p-1,0x1.d48a5a6b57d10p-5,0x1.c6ab1f98d0fcep-2,0x1.8e3d614d8302cp-3,0x1.0e41ef9882548p+0,0x1.0f64df78cb9d2p+0,0x1.5eabf12444464p+0,0x1.2e82d425ea900p+0,0x1.28e7c0aafe5a4p+0,0x1.24124b85608a5p+0,0,0,911,963,955
58,none,0,0,1000,1000,0,0,0x0.0000000000000p+0,0x0.0000000000000p+0,0x0.0000000000000p+0,0x0.0000000000000p+0,0x0.0000000000000p+0,0x0.0000000000000p+0,0x1.0000000000000p+0,0x1.0000000000000p+0,0x1.0000000000000p+0,0x1.0000000000000p+0,0x1.0000000000000p+0,0x1.0000000000000p+0,0,0,940,940,950
58,1x1-in-100,1,92,1000,1000,0,0,0x1.9e53c468fde62p-2,0x1.acab5aba7e664p-2,0x1.035df5c07f29cp-1,0x1.50149b6727860p-6,0x1.d146962535a30p-4,0x1.d2d9531290800p-5,0x1.04851b041f8d4p+0,0x1.060593b985fecp+0,0x1.2402a5e8b6000p+0,0x1.17cdfc6d12584p+0,0x1.0e47060b2e801p+0,0x1.0ed4d04d5d3bcp+0,0,0,947,959,953
58,2x1-in-100,2,92,1000,1000,0,0,0x1.94c7828c245f0p-1,0x1.90d9763caa582p-1,0x1.e14792186aa29p-1,0x1.484f8e7622cf0p-5,0x1.b34177b2cab60p-3,0x1.ba81ac0e65360p-4,0x1.08f8fdfd7bd82p+0,0x1.0b9d84e6f0330p+0,0x1.43bcb2b01131bp+0,0x1.2c3e3ed48329dp+0,0x1.1b220ba958b4dp+0,0x1.1bf8eaa6d5fc9p+0,0,8,914,934,902
58,1x1-in-1000,1,111,1000,1000,0,0,0x1.29a68dbe82572p-1,0x1.afa98df5d0804p-1,0x1.d3c8fa4bed024p-1,0x1.e26b4ee469e60p-6,0x1.d70f1a1ca97fcp-3,0x1.a9d86c9ff8328p-4,0x1.05bf78d92f333p+0,0x1.09826946ef97cp+0,0x1.47b66b3bad11ep+0,0x1.31ce007a0dd46p+0,0x1.1954102192cbbp+0,0x1.1c18950124ab2p+0,0,3,941,925,914
58,2x1-in-1000,2,111,1000,1000,0,0,0x1.22dbe2c9d932cp+0,0x1.9169daf54d065p+0,0x1.a7bbbf04448c3p+0,0x1.d742ded5a6a60p-5,0x1.b5f7f0de7d6d4p-2,0x1.8ed3be6c31980p-3,0x1.0b90a4bf1bf01p+0,0x1.123a588266566p+0,0x1.85b28517c5144p+0,0x1.5bf5c965d9ee0p+0,0x1.2f67764c81ae6p+0,0x1.3487e4ac331c8p+0,94,318,873,787,697
59,none,0,0,1000,1000,0,0,0x0.0000000000000p+0,0x0.0000000000000p+0,0x0.0000000000000p+0,0x0.0000000000000p+0,0x0.0000000000000p+0,0x0.0000000000000p+0,0x1.0000000000000p+0,0x1.0000000000000p+0,0x1.0000000000000p+0,0x1.0000000000000p+0,0x1.0000000000000p+0,0x1.0000000000000p+0,0,0,964,945,945
59,1x1-in-100,1,919,1000,1000,0,0,0x1.c78840daf0f24p-2,0x1.fea58abe23a3ap-2,0x1.2fde6f8973cbep-1,0x1.4e5488e689700p-6,0x1.c6d87a0d7d6b8p-4,0x1.c5454a07f0d40p-5,0x1.045ec8326f00dp+0,0x1.0620cb1651612p+0,0x1.1e7322c51204ap+0,0x1.1a030e41e80eap+0,0x1.0d0969d2b5f34p+0,0x1.0f3c8684fd159p+0,0,0,959,953,958
59,2x1-in-100,2,919,1000,1000,0,0,0x1.bd3b5df44d43cp-1,0x1.e278ab4b27bd0p-1,0x1.1c06fa0f486fcp+0,0x1.46c624b2b8e70p-5,0x1.adc2f31fc4840p-3,0x1.b0d85fe66e0b8p-4,0x1.08b350eab51d4p+0,0x1.0bd2feed2d9fap+0,0x1.39e4ed97d4b52p+0,0x1.30b7baf659249p+0,0x1.18fb448b97fd0p+0,0x1.1ce1c39643ad7p+0,0,12,922,918,902
59,1x1-in-1000,1,1112,1000,1000,0,0,0x1.48069eec33c12p-1,0x1.ee34391574e39p-1,0x1.08766c18c267fp+0,0x1.e0c0f7550d8a0p-6,0x1.b9e6e0d4fb1b8p-3,0x1.91dcff7d90380p-4,0x1.059ae884ac19ap+0,0x1.09985a96543a6p+0,0x1.3a127f4b62574p+0,0x1.33eadadb1fc3cp+0,0x1.166b85264aeadp+0,0x1.1c301fca4b9c6p+0,0,3,952,916,916
59,2x1-in-1000,2,1112,1000,1000,0,0,0x1.40fb73dc8dcf8p+0,0x1.d2e9c0bb0a18cp+0,0x1.e50ad2b599e62p+0,0x1.d6506fe020720p-5,0x1.a16f351c45bcap-2,0x1.7dd6dc34ade24p-3,0x1.0b4446af864e8p+0,0x1.1275d8957fe63p+0,0x1.6e5c7d3d0fccep+0,0x1.6145d0683b076p+0,0x1.2abf285bb8741p+0,0x1.354c585a6db2ep+0,172,470,891,756,655
60,none,0,0,1000,915,85,0,0x0.0000000000000p+0,0x0.0000000000000p+0,0x0.0000000000000p+0,0x0.0000000000000p+0,0x0.0000000000000p+0,0x0.0000000000000p+0,0x1.0000000000000p+0,0x1.0000000000000p+0,0x1.0000000000000p+0,0x1.0000000000000p+0,0x1.0000000000000p+0,0x1.0000000000000p+0,0,0,936,956,950
60,1x1-in-100,1,9,1000,915,81,0,0x1.36b8bc0a5350bp-3,0x1.4451876310411p-5,0x1.386a7aadcaaeap-4,0x1.03ba069d5bfc0p-7,0x1.50ea7f6773e80p-6,0x1.cc3b3a7cf9b40p-7,0x1.02300e741d6d0p+0,0x1.01e4f84c1aa68p+0,0x1.06646f8579226p+0,0x1.0256ebad13a23p+0,0x1.03ea1785d8ec4p+0,0x1.02b181f0bdb10p+0,0,0,934,961,954
60,2x1-in-100,2,9,1000,915,69,0,0x1.33ae2ae208244p-2,0x1.334fe22bf1c46p-4,0x1.2d2bf22a225cfp-3,0x1.0130658e7ece0p-6,0x1.4147496ea8690p-5,0x1.c017699986e80p-6,0x1.04576534c68b6p+0,0x1.03be360ba213ep+0,0x1.0d60f1e226ee1p+0,0x1.045d223603564p+0,0x1.07afd81e12bd2p+0,0x1.05367a23fd2f7p+0,0,0,929,964,956
60,1x1-in-1000,1,11,1000,915,55,0,0x1.d1a9d0ba3fe26p-3,0x1.900a4244ba510p-3,0x1.e4120ac7c5f3ep-3,0x1.856a11eb13d00p-7,0x1.8637aeb3b0e80p-4,0x1.624a19d644dc0p-5,0x1.02f54da87e7cbp+0,0x1.032dff90cea7ep+0,0x1.2918149c3fd85p+0,0x1.0db5eba82cbebp+0,0x1.0cbf891f1659fp+0,0x1.08d35ddec1682p+0,0,0,931,965,958
60,2x1-in-1000,2,11,1000,915,24,0,0x1.cd27fcbc07af3p-2,0x1.804e599f5a499p-2,0x1.caa5a3f8642d6p-2,0x1.819f0ca118340p-6,0x1.78bff0ab52714p-3,0x1.56fad68d65ca8p-4,0x1.05e1cd087ba1cp+0,0x1.0644be62754e0p+0,0x1.63ec750fb182ap+0,0x1.1a39de95611eep+0,0x1.1b26378ec8729p+0,0x1.11139f05ac750p+0,0,0,924,965,953
61,none,0,0,1000,1000,0,0,0x0.0000000000000p+0,0x0.0000000000000p+0,0x0.0000000000000p+0,0x0.0000000000000p+0,0x0.0000000000000p+0,0x0.0000000000000p+0,0x1.0000000000000p+0,0x1.0000000000000p+0,0x1.0000000000000p+0,0x1.0000000000000p+0,0x1.0000000000000p+0,0x1.0000000000000p+0,0,0,954,948,954
61,1x1-in-100,1,92,1000,1000,0,0,0x1.06be3479647eep-2,0x1.10d3e722bc842p-2,0x1.4ff205ff59d4cp-2,0x1.0f95ffb604e80p-7,0x1.73156ae8926e0p-5,0x1.794a5cbadcf60p-6,0x1.01f049a1738d2p+0,0x1.02517237dc268p+0,0x1.0d29f09c5e4aep+0,0x1.0a4babd1d37adp+0,0x1.05cf847888887p+0,0x1.05f85d1d255a4p+0,0,0,955,954,960
61,2x1-in-100,2,92,1000,1000,0,0,0x1.043efb0c4f488p-1,0x1.09530e871ea6ap-1,0x1.45614de71c1c3p-1,0x1.0d01e2bc863c0p-6,0x1.691156e354a58p-4,0x1.70cd7e2f02400p-5,0x1.03db4feb47b1bp+0,0x1.0493b7598d280p+0,0x1.19a2d6636a311p+0,0x1.13f990882d23fp+0,0x1.0b5e2f8470ffcp+0,0x1.0ba65fb2272cbp+0,0,0,949,947,932
61,1x1-in-1000,1,111,1000,1000,0,0,0x1.78ece86eaa006p-2,0x1.136a5564e38e8p-1,0x1.323c4af3eb095p-1,0x1.8620066f6fa80p-7,0x1.7947a25cc5750p-4,0x1.5c4026b663650p-5,0x1.029325936b865p+0,0x1.038e75247160cp+0,0x1.1a7801ba68c00p+0,0x1.153c3ccc8d9b7p+0,0x1.0a8a9973dceaap+0,0x1.0b46b5a0393d4p+0,0,0,955,942,937
61,2x1-in-1000,2,111,1000,1000,0,0,0x1.754fe26130a30p-1,0x1.0abff070a5060p+0,0x1.248dd908bb850p+0,0x1.8266494b80c40p-6,0x1.6d719716faa9cp-3,0x1.526b1fd9e4300p-4,0x1.0524630f4ab18p+0,0x1.0700fd511fbc5p+0,0x1.3350f2ef5cfb7p+0,0x1.291d5def51712p+0,0x1.1474fb7a3537ep+0,0x1.15e631dc7df26p+0,0,1,924,871,836
62,none,0,0,1000,1000,0,0,0x0.0000000000000p+0,0x0.0000000000000p+0,0x0.0000000000000p+0,0x0.0000000000000p+0,0x0.0000000000000p+0,0x0.0000000000000p+0,0x1.0000000000000p+0,0x1.0000000000000p+0,0x1.0000000000000p+0,0x1.0000000000000p+0,0x1.0000000000000p+0,0x1.0000000000000p+0,0,0,948,944,955
62,1x1-in-100,1,919,1000,1000,0,0,0x1.1ea44c90c2022p-2,0x1.3ed397ce87f2ap-2,0x1.8139c16a309f2p-2,0x1.0e4781cdb1240p-7,0x1.6977e8aec11c0p-5,0x1.6e4915ceb18e0p-6,0x1.01e3f35f9fe8cp+0,0x1.0257a194ceb99p+0,0x1.0bcd162cf7e2cp+0,0x1.0ab97a81f422cp+0,0x1.056f0c4ae7e4fp+0,0x1.0607c62d4c1b7p+0,0,0,952,949,963
62,2x1-in-100,2,919,1000,1000,0,0,0x1.1bfda8368f43ap-1,0x1.376da9affce5ep-1,0x1.765a69c38b43ep-1,0x1.0bc57a68f5880p-6,0x1.61104349b11d8p-4,0x1.670efeca61aa0p-5,0x1.03c2d4b889638p+0,0x1.049fdc76994c0p+0,0x1.171859d9245e6p+0,0x1.14e795acb8cd8p+0,0x1.0aac09f2c7872p+0,0x1.0bcf0b1ecc342p+0,0,0,933,934,938
62,1x1-in-1000,1,1112,1000,1000,0,0,0x1.9c0670626436cp-2,0x1.36436be4b3062p-1,0x1.559bbf2850eedp-1,0x1.84ac75b8b4940p-7,0x1.5efbfd607dd40p-4,0x1.478b07d332f80p-5,0x1.02875de81a7b0p+0,0x1.0391edc18af92p+0,0x1.169efd8013ae4p+0,0x1.152fbfd0d4b94p+0,0x1.0986fe310bff9p+0,0x1.0b03f99993f07p+0,0,0,947,936,945
62,2x1-in-1000,2,1112,1000,1000,0,0,0x1.985930b323338p-1,0x1.2efb9398d199ap+0,0x1.48cdc041529b4p+0,0x1.8137039936ec0p-6,0x1.56ba61aaf7f6cp-3,0x1.4043ee6af7500p-4,0x1.050d3532c76e7p+0,0x1.070a375049153p+0,0x1.2c3ff538b90f6p+0,0x1.2949db749f037p+0,0x1.12a89da73d6a5p+0,0x1.158516e203e72p+0,0,0,911,854,820
63,none,0,0,1000,992,8,0,0x0.0000000000000p+0,0x0.0000000000000p+0,0x0.0000000000000p+0,0x0.0000000000000p+0,0x0.0000000000000p+0,0x0.0000000000000p+0,0x1.0000000000000p+0,0x1.0000000000000p+0,0x1.0000000000000p+0,0x1.0000000000000p+0,0x1.0000000000000p+0,0x1.0000000000000p+0,0,0,948,944,948
63,1x1-in-100,1,18,1000,992,5,0,0x1.4a8e5cfee5316p-1,0x1.08228ac76d5d5p-1,0x1.4699830101250p-1,0x1.f630607829f00p-4,0x1.ca6c24b6527fcp-3,0x1.c52c694464c04p-3,0x1.1d406a800e0c2p+0,0x1.21c4048da4df9p+0,0x1.6ad633deebf12p+0,0x1.1f3f1a8c42e18p+0,0x1.476f1a89dbcc8p+0,0x1.24c122accaac8p+0,2,25,926,966,964
63,2x1-in-100,2,18,1000,992,5,0,0x1.3cdad339c81a0p+0,0x1.bc51f4f228d8fp-1,0x1.163e906d675a1p+0,0x1.e0e2eec41730cp-3,0x1.81bccc5f4704cp-2,0x1.9204d128ebe22p-2,0x1.3a4e11d777246p+0,0x1.3dabe90b05bd3p+0,0x1.b78c91d75b45ap+0,0x1.32c26340bce1bp+0,0x1.8149cb0defe34p+0,0x1.3d4d4e3770b60p+0,29,181,838,938,902
63,1x1-in-1000,1,27,1000,992,8,0,0x1.10766f23f0c22p+0,0x1.26cd2b2f3e75ap+0,0x1.3c718939405d4p+0,0x1.9ad35a9c9b5c4p-3,0x1.ff3619deb1680p-2,0x1.d0133840cc6d0p-2,0x1.2924eb8597b6ep+0,0x1.3f41bd8c30eadp+0,0x1.e65cf016b927dp+0,0x1.4a4f3d7e7b485p+0,0x1.8ca67aed135d0p+0,0x1.4c26e62d410bep+0,38,203,889,908,874
63,2x1-in-1000,2,27,1000,992,21,0,0x1.051c6d25caa8ap+1,0x1.e1b3cf65291a4p+0,0x1.035141b99c9aep+1,0x1.8a412118eed28p-2,0x1.a41b400c42d8fp-1,0x1.900cb53cee580p-1,0x1.53de338604114p+0,0x1.72603dd40cb5ep+0,0x1.41047f980345ap+1,0x1.7473b20f0ea6ep+0,0x1.f90721a6f720fp+0,0x1.77a2c41d0848cp+0,279,689,723,673,405
64,none,0,0,1000,1000,0,0,0x0.0000000000000p+0,0x0.0000000000000p+0,0x0.0000000000000p+0,0x0.0000000000000p+0,0x0.0000000000000p+0,0x0.0000000000000p+0,0x1.0000000000000p+0,0x1.0000000000000p+0,0x1.0000000000000p+0,0x1.0000000000000p+0,0x1.0000000000000p+0,0x1.0000000000000p+0,0,0,946,935,944
64,1x1-in-100,1,185,1000,1000,0,0,0x1.7ec422550cb47p-1,0x1.54000b816d21fp-1,0x1.955bfc43fac19p-1,0x1.fd4491cf472a8p-4,0x1.952290659e1c4p-3,0x1.b0139fa899530p-3,0x1.1bae9aaeb7267p+0,0x1.23a1d6f2fcdb4p+0,0x1.3c929ed82996cp+0,0x1.25f0f48772967p+0,0x1.378c81609c668p+0,0x1.2ba1565eb2c1ep+0,4,16,915,957,941
64,2x1-in-100,2,185,1000,1000,0,0,0x1.708a76486ae4fp+0,0x1.29be29da7799ep+0,0x1.63a753f8edc7ep+0,0x1.ea777cd16dc50p-3,0x1.62f5d4343b50cp-2,0x1.8aed6870b18ccp-2,0x1.370d5472e37f6p+0,0x1.426e195d9c410p+0,0x1.6c66f295a5328p+0,0x1.403bde8a2e386p+0,0x1.6838715af5b1cp+0,0x1.4bb46c85a6140p+0,58,229,802,908,835
64,1x1-in-1000,1,270,1000,1000,0,0,0x1.2b1b731c5b377p+0,0x1.4187adbe63c4ep+0,0x1.59d579dc262dcp+0,0x1.8db78e0da12d4p-3,0x1.81592c4ef52bep-2,0x1.7e919e481dfb0p-2,0x1.26fc395c449a9p+0,0x1.3ceaf9ec80a99p+0,0x1.723feacabf3c8p+0,0x1.4b4c07c179396p+0,0x1.6044862df30ccp+0,0x1.4ff937ec3a0a2p+0,37,171,882,896,852
64,2x1-in-1000,2,270,1000,1000,0,0,0x1.20bff03156cf4p+1,0x1.15f6eee625516p+1,0x1.2828f952bcae9p+1,0x1.80758ad4e27aep-2,0x1.4d07a388d50f5p-1,0x1.59c001faf3e15p-1,0x1.4ec80e24a2a30p+0,0x1.712dc9f61fce8p+0,0x1.ca85c629c3cc0p+0,0x1.7d6d924cdbb40p+0,0x1.b43c162870269p+0,0x1.848ac4e168f7bp+0,409,783,653,622,367
65,none,0,0,1000,1000,0,0,0x0.0000000000000p+0,0x0.0000000000000p+0,0x0.0000000000000p+0,0x0.0000000000000p+0,0x0.0000000000000p+0,0x0.0000000000000p+0,0x1.0000000000000p+0,0x1.0000000000000p+0,0x1.0000000000000p+0,0x1.0000000000000p+0,0x1.0000000000000p+0,0x1.0000000000000p+0,0,0,936,943,946
65,1x1-in-100,1,1856,1000,1000,0,0,0x1.860bfe6842abfp-1,0x1.5e1faf8b2b065p-1,0x1.a00b924a5d106p-1,0x1.00c84a009280cp-3,0x1.8a605c935af94p-3,0x1.a2bfff723e9e4p-3,0x1.1bb929caab73dp+0,0x1.2420ead33aa74p+0,0x1.38757abfbaf67p+0,0x1.26eaccebdade4p+0,0x1.3529a2e281b14p+0,0x1.2c7220ab7058fp+0,3,15,925,966,958
65,2x1-in-100,2,1856,1000,1000,0,0,0x1.77b58c13a116ap+0,0x1.34e98f6cf015fp+0,0x1.6fbfeb3dad81ap+0,0x1.ef1cf16425c48p-3,0x1.5c0e07870daecp-2,0x1.815310bc2cb14p-2,0x1.3702176f17a2ap+0,0x1.4381aae177598p+0,0x1.65dac7473a33cp+0,0x1.4293e547c98fap+0,0x1.64aba97eec876p+0,0x1.4d92ec89a6eddp+0,57,224,823,910,839
65,1x1-in-1000,1,2702,1000,1000,0,0,0x1.2e5a31d7fc170p+0,0x1.4901383689454p+0,0x1.5fa61ea5f9144p+0,0x1.8e91d17f9c6acp-3,0x1.74f34dc5056d0p-2,0x1.73c8674402d46p-2,0x1.271647ebf2eaap+0,0x1.3d236e1ae06d4p+0,0x1.686df86599770p+0,0x1.4b981ae22cb31p+0,0x1.5ad20de0a9a4cp+0,0x1.50ea2e2082a06p+0,37,149,892,903,874
65,2x1-in-1000,2,2702,1000,1000,0,0,0x1.251f28ab4381ap+1,0x1.1fc59d0b3326fp+1,0x1.2fcbecf45854ep+1,0x1.821e9ab7b6de6p-2,0x1.44b692736409ep-1,0x1.5280644330f33p-1,0x1.4ea779651a7e4p+0,0x1.7232366d11eb8p+0,0x1.bacec632b39b0p+0,0x1.7f026251833b0p+0,0x1.ab21a41c80c4bp+0,0x1.881feec167d66p+0,437,806,670,649,363
66,none,0,0,1000,1000,0,0,0x0.0000000000000p+0,0x0.0000000000000p+0,0x0.0000000000000p+0,0x0.0000000000000p+0,0x0.0000000000000p+0,0x0.0000000000000p+0,0x1.0000000000000p+0,0x1.0000000000000p+0,0x1.0000000000000p+0,0x1.0000000000000p+0,0x1.0000000000000p+0,0x1.0000000000000p+0,0,0,949,938,941
66,1x1-in-100,1,18,1000,1000,0,0,0x1.dd01bcfe16ac8p-2,0x1.92f83624adff0p-2,0x1.f32b21a8a6008p-2,0x1.050ee6aa4df58p-4,0x1.e3d051f774b18p-4,0x1.deeecddbb7d80p-4,0x1.0f134b9655ebcp+0,0x1.11985155e37aep+0,0x1.2c63f2e70385ap+0,0x1.148e92418fe2ap+0,0x1.2302c42eaca33p+0,0x1.1789ee57febb7p+0,0,0,945,961,957
66,2x1-in-100,2,18,1000,1000,0,0,0x1.d2be40ff695e2p-1,0x1.6d67ea480d82ap-1,0x1.c88bfa272ab3cp-1,0x1.ff0296ee8f2f8p-4,0x1.b5e30f52a1470p-3,0x1.c0f01a2905aa0p-3,0x1.1e02fa60789a2p+0,0x1.21d4a08b22813p+0,0x1.514c1481ba708p+0,0x1.24b3b319ef3d0p+0,0x1.425b7107eb762p+0,0x1.2b3468eb51370p+0,2,21,897,943,921
66,1x1-in-1000,1,27,1000,1000,0,0,0x1.85a66486ae1fap-1,0x1.c7b583aa91e5bp-1,0x1.f191a252b0c23p-1,0x1.a87cd7fd54cf0p-4,0x1.13c91c6629396p-2,0x1.eeb212c5bb91cp-3,0x1.15ecb2dc01818p+0,0x1.1fc51256867e8p+0,0x1.63cf323c9edffp+0,0x1.2ffd548b2970ap+0,0x1.466286d712e30p+0,0x1.31f9e72def4b4p+0,2,24,922,919,903
66,2x1-in-1000,2,27,1000,1000,0,0,0x1.7d5e9c41ca27ep+0,0x1.94101ba95620ap+0,0x1.b55d5ed9c36b4p+0,0x1.9f93f3b87d5d4p-3,0x1.e83c0dedcdc36p-2,0x1.c4ea36284428ap-2,0x1.2c281cfc4275cp+0,0x1.3cb52c0934f63p+0,0x1.b28c72e3408c0p+0,0x1.53a034679bf9ep+0,0x1.8233a11ccf530p+0,0x1.58ae1cac70db7p+0,136,434,820,759,649
67,none,0,0,1000,1000,0,0,0x0.0000000000000p+0,0x0.0000000000000p+0,0x0.0000000000000p+0,0x0.0000000000000p+0,0x0.0000000000000p+0,0x0.0000000000000p+0,0x1.0000000000000p+0,0x1.0000000000000p+0,0x1.0000000000000p+0,0x1.0000000000000p+0,0x1.0000000000000p+0,0x1.0000000000000p+0,0,0,948,951,934
67,1x1-in-100,1,185,1000,1000,0,0,0x1.0f0e0f7db817cp-1,0x1.f22ed4eccabf2p-2,0x1.2c1bc52e9115dp-1,0x1.04dbc6d49b970p-4,0x1.a160f60116700p-4,0x1.b612aaff7d278p-4,0x1.0eb01216e42cbp+0,0x1.120b4f282858cp+0,0x1.1dec2fb1f411ap+0,0x1.15e4c3dd672bep+0,0x1.1c2b9a49a0cb8p+0,0x1.18d7628abea6ap+0,0,0,944,963,948
67,2x1-in-100,2,185,1000,1000,0,0,0x1.09cd36deffb00p+0,0x1.cf95fcf8ad610p-1,0x1.16c94fce71f22p+0,0x1.ffcf0c3ba5690p-4,0x1.84e21c2f3e818p-3,0x1.a225f736e3170p-3,0x1.1d344ffabf2cfp+0,0x1.22f9638d5f386p+0,0x1.3818c4f472e71p+0,0x1.28336673810c7p+0,0x1.366806cad1c70p+0,0x1.2e8191994bcb5p+0,1,25,901,916,893
67,1x1-in-1000,1,270,1000,1000,0,0,0x1.a5d9a8e1fae12p-1,0x1.e01564fcc2190p-1,0x1.063dd6396310ap+0,0x1.95ea8ba1678d8p-4,0x1.9538f55616554p-3,0x1.8c565eaf81508p-3,0x1.153084ddc47d2p+0,0x1.1dfb9b8c83ec6p+0,0x1.39076422ee014p+0,0x1.2b866f83cb02ep+0,0x1.316ff83cf19b2p+0,0x1.2dfaaa3994b02p+0,1,3,929,912,903
67,2x1-in-1000,2,270,1000,1000,0,0,0x1.9f3f341dfe7c6p+0,0x1.b98ffc52b3002p+0,0x1.dd65e9aa3c2eep+0,0x1.8f4b51e90d724p-3,0x1.7544eba2776d4p-2,0x1.77895268bba14p-2,0x1.2a6a60f5ee1d4p+0,0x1.39fc7ce93a759p+0,0x1.6a33b870f11d2p+0,0x1.4eeb3df213852p+0,0x1.5ee4c1c37ed99p+0,0x1.54d18e157f32cp+0,176,469,804,727,636
68,none,0,0,1000,1000,0,0,0x0.0000000000000p+0,0x0.0000000000000p+0,0x0.0000000000000p+0,0x0.0000000000000p+0,0x0.0000000000000p+0,0x0.0000000000000p+0,0x1.0000000000000p+0,0x1.0000000000000p+0,0x1.0000000000000p+0,0x1.0000000000000p+0,0x1.0000000000000p+0,0x1.0000000000000p+0,0,0,924,946,946
68,1x1-in-100,1,1856,1000,1000,0,0,0x1.0dc440794513ap-1,0x1.e9a5035355bb2p-2,0x1.27fee61895ccbp-1,0x1.02a17566754f0p-4,0x1.8454c5d06d968p-4,0x1.a264a57e32e00p-4,0x1.0e9509245cedcp+0,0x1.11a3c8bfcb046p+0,0x1.1abe1a37bccf6p+0,0x1.15085920ebd4dp+0,0x1.1a89e9acbe0b1p+0,0x1.17f6d242b5802p+0,0,0,920,956,955
68,2x1-in-100,2,1856,1000,1000,0,0,0x1.08fa8f85f52a3p+0,0x1.caeb9e835b3aep-1,0x1.14a842a6f5e7ap+0,0x1.fbdc407e93ee8p-4,0x1.6bfcd341b03c8p-3,0x1.90d4cf7281170p-3,0x1.1cf7e7ba28c05p+0,0x1.2240ee3cbff4fp+0,0x1.3283c34ef1738p+0,0x1.26edf2c37f168p+0,0x1.336c08af53aaap+0,0x1.2d0ac123e7530p+0,2,20,870,927,870
68,1x1-in-1000,1,2702,1000,1000,0,0,0x1.a21da6de68f14p-1,0x1.d6728f70ccb0ap-1,0x1.01fb1e84fc2f4p+0,0x1.908ffccd4b3b8p-4,0x1.76d8db05f006cp-3,0x1.7325727df4a48p-3,0x1.15087e4123defp+0,0x1.1d1e88c21a65ap+0,0x1.329fd973450b6p+0,0x1.29a83928b5adap+0,0x1.2de31e3d3394ap+0,0x1.2bec5cb911462p+0,0,3,895,924,886
68,2x1-in-1000,2,2702,1000,1000,0,0,0x1.9bcafe6634377p+0,0x1.b4f86cd2ed112p+0,0x1.d9cf40c209723p+0,0x1.8a87339874fc8p-3,0x1.5ccb9c34a0496p-2,0x1.61deb99840c04p-2,0x1.2a0ff1ea6f5a8p+0,0x1.38902338a6a54p+0,0x1.5f24582446022p+0,0x1.4c4904fbcbb7cp+0,0x1.58c54f3767a0ap+0,0x1.51ab5f88634bcp+0,190,448,778,732,621
69,none,0,0,1000,1000,0,0,0x0.0000000000000p+0,0x0.0000000000000p+0,0x0.0000000000000p+0,0x0.0000000000000p+0,0x0.0000000000000p+0,0x0.0000000000000p+0,0x1.0000000000000p+0,0x1.0000000000000p+0,0x1.0000000000000p+0,0x1.0000000000000p+0,0x1.0000000000000p+0,0x1.0000000000000p+0,0,0,954,954,949
69,1x1-in-100,1,18,1000,1000,0,0,0x1.2af64880f651ap-2,0x1.ffdde8287c0c3p-3,0x1.425312a01aee4p-2,0x1.a09727cb19400p-6,0x1.7f480eb6a6ea0p-5,0x1.7fe19ef677390p-5,0x1.06378cec36c17p+0,0x1.06d831a2abfd3p+0,0x1.0f1f4acdb983bp+0,0x1.0971d8d83c658p+0,0x1.0d24b63c45010p+0,0x1.0a893dd40ec94p+0,0,0,952,962,947
69,2x1-in-100,2,18,1000,1000,0,0,0x1.2835bfed63bd6p-1,0x1.eb5e282466b94p-2,0x1.36055c2c37c4cp-1,0x1.9cd67a2aa0890p-5,0x1.6fec9c7b063f8p-4,0x1.751785991be48p-4,0x1.0c61310f7cb53p+0,0x1.0d81ca47f2f7ep+0,0x1.1d173614e1e5dp+0,0x1.12109904bff3ap+0,0x1.19ab791ec0a20p+0,0x1.146a7d5128122p+0,0,0,925,950,932
69,1x1-in-1000,1,27,1000,1000,0,0,0x1.e87a4e9d63562p-2,0x1.2b48804754a7ep-1,0x1.4cc693bccb6d8p-1,0x1.546d998ab30b0p-5,0x1.c1de02ab1df00p-4,0x1.937299487b288p-4,0x1.095f7c9f38a90p+0,0x1.0c0acf27828b4p+0,0x1.2354d31cb77c6p+0,0x1.169d4f96e6da2p+0,0x1.1b35dad34287bp+0,0x1.168b42df88d06p+0,0,0,937,937,926
69,2x1-in-1000,2,27,1000,1000,0,0,0x1.e3ee8d1a65356p-1,0x1.1acdc4faad598p+0,0x1.37ecb7ea9cff5p+0,0x1.51388ea98c7c0p-4,0x1.a826a63bdfa1cp-3,0x1.839ce69b44d80p-3,0x1.12c072ee2d3b8p+0,0x1.17a6dfecdf28ep+0,0x1.42c40bbcbd50cp+0,0x1.2a8cee8736616p+0,0x1.34742f253f36bp+0,0x1.2af9543bab33ep+0,0,22,878,855,819
70,none,0,0,1000,1000,0,0,0x0.0000000000000p+0,0x0.0000000000000p+0,0x0.0000000000000p+0,0x0.0000000000000p+0,0x0.0000000000000p+0,0x0.0000000000000p+0,0x1.0000000000000p+0,0x1.0000000000000p+0,0x1.0000000000000p+0,0x1.0000000000000p+0,0x1.0000000000000p+0,0x1.0000000000000p+0,0,0,949,943,941
70,1x1-in-100,1,185,1000,1000,0,0,0x1.53d3b8a6475c1p-2,0x1.3c0f4e549829cp-2,0x1.7fd95992569cfp-2,0x1.a6007835e1c80p-6,0x1.4fdbe414a4890p-5,0x1.612d7ff6c7960p-5,0x1.0625457a4f74cp+0,0x1.07056d5458c3ap+0,0x1.0b6c569669321p+0,0x1.097c49b44c17dp+0,0x1.0b44518b2cf7cp+0,0x1.0a8138a5099ecp+0,0,0,958,963,951
70,2x1-in-100,2,185,1000,1000,0,0,0x1.5141e6f5e3a14p-1,0x1.32ba7b4927ff6p-1,0x1.73eccc1df0e7ap-1,0x1.a2bde5630e180p-5,0x1.462e3ac757c68p-4,0x1.5a6c5455cb620p-4,0x1.0c3c4384c10b0p+0,0x1.0de3ab98dec82p+0,0x1.1638e4cc676d4p+0,0x1.125aa97c1d470p+0,0x1.162a888061136p+0,0x1.1483ffd7ed330p+0,0,0,933,949,933
70,1x1-in-1000,1,270,1000,1000,0,0,0x1.0799cf50debbap-1,0x1.352eb0e91352ep-1,0x1.5715a1bfdfc54p-1,0x1.478a28bdd6c80p-5,0x1.487d8fb6e3b50p-4,0x1.3ec58f060f620p-4,0x1.09175435c82fbp+0,0x1.0b65a55908c1ep+0,0x1.161be87699f37p+0,0x1.12d1878bfeb16p+0,0x1.1402e1ffb06adp+0,0x1.135a3e02fa599p+0,0,0,947,949,938
70,2x1-in-1000,2,270,1000,1000,0,0,0x1.05ff77dffb098p+0,0x1.2a89042f3b072p+0,0x1.48d92832d09d6p+0,0x1.45637ba4356b8p-4,0x1.3ca8fd4c5dc9cp-3,0x1.3785ce3ef7cfcp-3,0x1.1226de4ff7857p+0,0x1.168ad2eab9e36p+0,0x1.2ac5b4ce8af3cp+0,0x1.242456a4f4f64p+0,0x1.274d5a07d5b93p+0,0x1.2599b3d6633f9p+0,0,6,882,845,797
71,none,0,0,1000,1000,0,0,0x0.0000000000000p+0,0x0.0000000000000p+0,0x0.0000000000000p+0,0x0.0000000000000p+0,0x0.0000000000000p+0,0x0.0000000000000p+0,0x1.0000000000000p+0,0x1.0000000000000p+0,0x1.0000000000000p+0,0x1.0000000000000p+0,0x1.0000000000000p+0,0x1.0000000000000p+0,0,0,946,951,954
71,1x1-in-100,1,1856,1000,1000,0,0,0x1.57ecf0d2c1292p-2,0x1.407b86b5f6618p-2,0x1.846e516b490d0p-2,0x1.a2fdd545de360p-6,0x1.423540eb87130p-5,0x1.56c2ff297cf90p-5,0x1.0622f487c4116p+0,0x1.06f63cf7c8905p+0,0x1.0ab49f64148dcp+0,0x1.0949cb4a13012p+0,0x1.0ad5d54d358acp+0,0x1.0a4e05daf3850p+0,0,0,933,961,946
71,2x1-in-100,2,1856,1000,1000,0,0,0x1.55726a9bcf25fp-1,0x1.37bf99fada24ap-1,0x1.794da40b8d452p-1,0x1.9ff2d8533c600p-5,0x1.396811263e1b0p-4,0x1.50ef362d5f620p-4,0x1.0c388df423d76p+0,0x1.0dc8a1110a078p+0,0x1.14e3bccc4148bp+0,0x1.12064851a9cd4p+0,0x1.155f371abb89dp+0,0x1.142cbdf766dbfp+0,0,0,904,934,911
71,1x1-in-1000,1,2702,1000,1000,0,0,0x1.09abf9690bdfcp-1,0x1.34de3eb20857cp-1,0x1.56b23faa081c2p-1,0x1.437b3a102cdb0p-5,0x1.367e2338cdf20p-4,0x1.30d94ba089df0p-4,0x1.090e8dab9344dp+0,0x1.0b37b26f04e41p+0,0x1.146696e0043b0p+0,0x1.1232924fbd169p+0,0x1.12dff14186033p+0,0x1.12c09cec1f978p+0,0,0,916,932,917
71,2x1-in-1000,2,2702,1000,1000,0,0,0x1.0823cd8d8329fp+0,0x1.2b7eb208704a8p+0,0x1.49ce0d2e8c079p+0,0x1.419d8ce76fed8p-4,0x1.2ce2ed2d24ed0p-3,0x1.2b2ff98b1ddccp-3,0x1.1214463da83aap+0,0x1.1638ecf7495dap+0,0x1.27a7fed9c1a00p+0,0x1.231b77c9aa431p+0,0x1.2536d052a0a40p+0,0x1.24969458f6538p+0,0,0,854,849,802
72,none,0,0,1000,794,206,0,0x0.0000000000000p+0,0x0.0000000000000p+0,0x0.0000000000000p+0,0x0.0000000000000p+0,0x0.0000000000000p+0,0x0.0000000000000p+0,0x1.0000000000000p+0,0x1.0000000000000p+0,0x1.0000000000000p+0,0x1.0000000000000p+0,0x1.0000000000000p+0,0x1.0000000000000p+0,0,0,936,924,918
72,1x1-in-100,1,28,1000,794,329,0,0x1.c7e48b201894ap-1,0x1.7fc5938862830p-1,0x1.cb50b78e53a6bp-1,0x1.bf990e3ef9a3cp-3,0x1.cf8ba5486eb80p-3,0x1.20a3987fbb56cp-2,0x1.33e7773d6f071p+0,0x1.37a1396602f8cp+0,0x1.5c369ecdf90ccp+0,0x1.1b219a24eb2ccp+0,0x1.60295cd9a16acp+0,0x1.1d88c507254b4p+0,13,71,930,965,944
72,2x1-in-100,2,28,1000,794,461,0,0x1.b6947067c23fep+0,0x1.3a78808c1d018p+0,0x1.872be9ff56cadp+0,0x1.ad335f0573274p-2,0x1.7f7ce4a643c5ap-2,0x1.f17d87952ccb0p-2,0x1.6880717bbb710p+0,0x1.651735a4671b0p+0,0x1.9cacff53f0f3ep+0,0x1.266f726b0d9b8p+0,0x1.af5886e3650e5p+0,0x1.2aeae48753cb6p+0,89,288,806,907,835
72,1x1-in-1000,1,44,1000,794,539,0,0x1.7337571d32d5dp+0,0x1.65a34750b3b06p+0,0x1.917b8655a8616p+0,0x1.6d0a7ca9c0c9ep-2,0x1.bd44d5469ac50p-2,0x1.0273fea755354p-1,0x1.4c303a03d3ed0p+0,0x1.61a7a0b28e932p+0,0x1.b01ee1a636aebp+0,0x1.2e2e75bd399a6p+0,0x1.abc2b1ead3932p+0,0x1.2ebb032d4dec8p+0,90,265,883,882,827
72,2x1-in-1000,2,44,1000,794,804,0,0x1.64586180a4db6p+1,0x1.191364b1ff0ccp+1,0x1.4f2702b9858cap+1,0x1.5e105b22ca15fp-1,0x1.60987a870947ep-1,0x1.9c65883b21ac5p-1,0x1.9bdbcc84e15ddp+0,0x1.aab56e1ab9b01p+0,0x1.11567e542dc9dp+1,0x1.305cebd72f63cp+0,0x1.18f7a50b64b92p+1,0x1.3bea7d4ece1e8p+0,377,760,623,578,296
73,none,0,0,1000,951,49,0,0x0.0000000000000p+0,0x0.0000000000000p+0,0x0.0000000000000p+0,0x0.0000000000000p+0,0x0.0000000000000p+0,0x0.0000000000000p+0,0x1.0000000000000p+0,0x1.0000000000000p+0,0x1.0000000000000p+0,0x1.0000000000000p+0,0x1.0000000000000p+0,0x1.0000000000000p+0,0,0,931,939,935
73,1x1-in-100,1,281,1000,951,104,0,0x1.b6050d92b5482p-1,0x1.61ac2f2e55c63p-1,0x1.aec11ae93993dp-1,0x1.b54fb12771548p-3,0x1.6ad2e4f477854p-3,0x1.e94802e83c054p-3,0x1.32a9ee5dc7e68p+0,0x1.3644da0d52badp+0,0x1.3a3c3da94b219p+0,0x1.1e693cf321f0ap+0,0x1.49f4f72c5b49cp+0,0x1.211b276f92448p+0,2,20,928,959,949
73,2x1-in-100,2,281,1000,951,174,0,0x1.a92193067a971p+0,0x1.2d8c8629767e3p+0,0x1.7d063cc52e0dfp+0,0x1.a6b82d49949f2p-2,0x1.36668510fa0d4p-2,0x1.b0e4c20f8ba6ap-2,0x1.64f4b59af00e1p+0,0x1.64b271f5664b6p+0,0x1.663ece9dd6fa6p+0,0x1.32030fb9ef40ep+0,0x1.8a4ee6832ff27p+0,0x1.34c343a6139bep+0,67,253,809,893,850
73,1x1-in-1000,1,440,1000,951,210,0,0x1.5f2dd13e7aec2p+0,0x1.46b9a814a5497p+0,0x1.7211b4d09be5fp+0,0x1.5f54f6fce2596p-2,0x1.50813a25f8194p-2,0x1.a687577f219e6p-2,0x1.4b59536ea546bp+0,0x1.5d1db29084dedp+0,0x1.6a5b9c075d8f2p+0,0x1.39644a1c2c8a2p+0,0x1.7eee26e72cd66p+0,0x1.37d1324ea26f4p+0,45,170,868,881,862
73,2x1-in-1000,2,440,1000,951,490,0,0x1.54fbb52338c59p+1,0x1.0fb5fab0b58cap+1,0x1.419383f17a5acp+1,0x1.54e7e09b19e49p-1,0x1.19f4e81e039c4p-1,0x1.63b3fecf9539cp-1,0x1.986b803c9d389p+0,0x1.aaea517a4e480p+0,0x1.b7ae52cc43b8ep+0,0x1.51acdcb4970fep+0,0x1.e8ee3fcf269d8p+0,0x1.4f1dbd0def9c9p+0,430,808,595,607,343
74,none,0,0,1000,973,27,0,0x0.0000000000000p+0,0x0.0000000000000p+0,0x0.0000000000000p+0,0x0.0000000000000p+0,0x0.0000000000000p+0,0x0.0000000000000p+0,0x1.0000000000000p+0,0x1.0000000000000p+0,0x1.0000000000000p+0,0x1.0000000000000p+0,0x1.0000000000000p+0,0x1.0000000000000p+0,0,0,933,921,925
74,1x1-in-100,1,2811,1000,973,55,0,0x1.abdf78f1df88bp-1,0x1.5625fe0e9fe91p-1,0x1.a3861a7dc96b8p-1,0x1.a821848f8ead0p-3,0x1.494e3cd41b214p-3,0x1.d02c503a9b1e0p-3,0x1.319317bc8e442p+0,0x1.34875eb3f2492p+0,0x1.32547fc222ac9p+0,0x1.1d5f8e491e9b8p+0,0x1.44ba2e9fcf736p+0,0x1.20ed6c501db8cp+0,2,10,920,956,941
74,2x1-in-100,2,2811,1000,973,117,0,0x1.9fb98f03bba31p+0,0x1.28c42797d64c0p+0,0x1.75a8550f3a080p+0,0x1.9b2dc1c478c6ep-2,0x1.1ce90ca3ed258p-2,0x1.9f8732921933ap-2,0x1.62c7b4c2da54ep+0,0x1.61e832379da14p+0,0x1.593deeedbf5eep+0,0x1.30e78585ee2b0p+0,0x1.811eb5a2fb770p+0,0x1.34aa967ce7492p+0,66,226,811,885,821
74,1x1-in-1000,1,4403,1000,973,148,0,0x1.57adf31ea5bcfp+0,0x1.3db7301da990cp+0,0x1.67f02a7e4db94p+0,0x1.55ee4a85c2914p-2,0x1.34b5f45526ed8p-2,0x1.901f95340aeb8p-2,0x1.49efb6b8f9be3p+0,0x1.59e1d6be6441fp+0,0x1.5ccc6239977a9p+0,0x1.380664e849eaep+0,0x1.760f7d5c435b7p+0,0x1.36e0675ad9022p+0,45,157,873,877,851
74,2x1-in-1000,2,4403,1000,973,395,0,0x1.4f2f13ef8b95dp+1,0x1.0b6d7304e79d3p+1,0x1.3b554d8a6cee2p+1,0x1.4cc9aa2bcbe88p-1,0x1.042602b62e33ap-1,0x1.5621e1a6e1b50p-1,0x1.957fc1b3eea47p+0,0x1.a5f44aa76f41cp+0,0x1.a1e7fba5b06e4p+0,0x1.54eff88964c94p+0,0x1.db1a39efa1f2ep+0,0x1.4fb8ed109fe3ap+0,430,784,582,598,366
75,none,0,0,1000,973,27,0,0x0.0000000000000p+0,0x0.0000000000000p+0,0x0.0000000000000p+0,0x0.0000000000000p+0,0x0.0000000000000p+0,0x0.0000000000000p+0,0x1.0000000000000p+0,0x1.0000000000000p+0,0x1.0000000000000p+0,0x1.0000000000000p+0,0x1.0000000000000p+0,0x1.0000000000000p+0,0,0,951,939,940
75,1x1-in-100,1,28,1000,973,46,0,0x1.27f50cd47e8acp-1,0x1.f0fa3965870eap-2,0x1.30e88a76aaa6dp-1,0x1.c09735d455cf8p-4,0x1.de0cb9536a810p-4,0x1.25529f0ff1980p-3,0x1.1a72151016afcp+0,0x1.1cb74b9b909c6p+0,0x1.2944ad29fe73cp+0,0x1.13cf71e947c80p+0,0x1.2caf8eaf9c3c4p+0,0x1.16d1d8c3fa1e2p+0,0,1,945,963,953
75,2x1-in-100,2,28,1000,973,71,0,0x1.224897a377496p+0,0x1.bc05849e61422p-1,0x1.16e57baa40326p+0,0x1.b7e6154873770p-3,0x1.adbf65bcc6688p-3,0x1.0cc4cdda47d7ep-2,0x1.34cb201a7bd1ap+0,0x1.371bc7878ddaap+0,0x1.4b08a4fcbcaecp+0,0x1.22dd23ad40946p+0,0x1.54695d764372ep+0,0x1.27dbac72e2a98p+0,10,48,875,925,882
75,1x1-in-1000,1,44,1000,973,98,0,0x1.e1f773ba698c9p-1,0x1.f011a78fa3a9dp-1,0x1.175eb98000183p+0,0x1.6cf79f634b380p-3,0x1.da67c7eaae9e0p-3,0x1.10aebdb781574p-2,0x1.27ad80eb92cfep+0,0x1.323b93bfa6d5bp+0,0x1.51b895d87b164p+0,0x1.2841ff1ffb928p+0,0x1.52b6008667e46p+0,0x1.2a1d8ddcf009ap+0,7,36,916,908,881
75,2x1-in-1000,2,44,1000,973,233,0,0x1.d7dd00a393a37p+0,0x1.ad7225bc4c324p+0,0x1.f47a699ae12c5p+0,0x1.65f05b5eb39eap-2,0x1.9a43b85aa6dd2p-2,0x1.e0dab0a5dfaacp-2,0x1.4fdf1b036ff39p+0,0x1.5f43bc08bda4ap+0,0x1.907aaa90d39acp+0,0x1.43840799e165cp+0,0x1.99949b2d92b3ep+0,0x1.43bc4eceffb88p+0,206,530,755,690,592
76,none,0,0,1000,998,2,0,0x0.0000000000000p+0,0x0.0000000000000p+0,0x0.0000000000000p+0,0x0.0000000000000p+0,0x0.0000000000000p+0,0x0.0000000000000p+0,0x1.0000000000000p+0,0x1.0000000000000p+0,0x1.0000000000000p+0,0x1.0000000000000p+0,0x1.0000000000000p+0,0x1.0000000000000p+0,0,0,950,953,949
76,1x1-in-100,1,281,1000,998,5,0,0x1.2ab35be98dbfap-1,0x1.f15816942fdb8p-2,0x1.3031f92541cb6p-1,0x1.b1b7135275078p-4,0x1.6f9d4c9cfe420p-4,0x1.ee77ecec16e98p-4,0x1.199614ed708dfp+0,0x1.1b8dfa2339836p+0,0x1.1b6ae83e117a8p+0,0x1.11ef7ef4b8b0cp+0,0x1.23a0f9b2b18ecp+0,0x1.16248d38584b0p+0,0,0,930,968,950
76,2x1-in-100,2,281,1000,998,7,0,0x1.25be4c01d8946p+0,0x1.c904a59310536p-1,0x1.1bd68bfb6e618p+0,0x1.ab3952bc85b50p-3,0x1.521b794856024p-3,0x1.cf91fbcae4e00p-3,0x1.3306491851f27p+0,0x1.356d37993f2f7p+0,0x1.32f626c6ab8e6p+0,0x1.2095f773a69d6p+0,0x1.448a3e10cbd39p+0,0x1.27c9f4886fdefp+0,3,23,863,938,887
76,1x1-in-1000,1,440,1000,998,7,0,0x1.ddb9600bfb047p-1,0x1.d9b516a87fb2cp-1,0x1.0b9b7b6c75b95p+0,0x1.5c381779de0a8p-3,0x1.5d7f600b65e00p-3,0x1.b57acc8f04c48p-3,0x1.26ce8af8810cep+0,0x1.2eac789789342p+0,0x1.337619c3d1857p+0,0x1.22e792ca0accfp+0,0x1.3e0be78984a54p+0,0x1.275c4bf13a454p+0,0,5,893,935,900
76,2x1-in-1000,2,440,1000,998,12,0,0x1.d7b6993ae8018p+0,0x1.ab206f0f99ebap+0,0x1.eb41a6445043ep+0,0x1.577a68c0affeap-2,0x1.3aad04d887f7ap-2,0x1.90780cc3bf08ep-2,0x1.4df1236bb1f12p+0,0x1.5a384514d5539p+0,0x1.5e22b383156d6p+0,0x1.3db41f12eafe4p+0,0x1.7640bce0dd972p+0,0x1.438e6c1556ca2p+0,181,490,719,744,622
77,none,0,0,1000,1000,0,0,0x0.0000000000000p+0,0x0.0000000000000p+0,0x0.0000000000000p+0,0x0.0000000000000p+0,0x0.0000000000000p+0,0x0.0000000000000p+0,0x1.0000000000000p+0,0x1.0000000000000p+0,0x1.0000000000000p+0,0x1.0000000000000p+0,0x1.0000000000000p+0,0x1.0000000000000p+0,0,0,949,947,953
77,1x1-in-100,1,2811,1000,1000,0,0,0x1.25b676fef6d4ap-1,0x1.e8f019d874dc7p-2,0x1.2b48424256ffap-1,0x1.aada4a7bf5750p-4,0x1.540d6a959dbd0p-4,0x1.d5ad734aa6f30p-4,0x1.19751dd0852e6p+0,0x1.1b2a29930ace9p+0,0x1.18737d8a4062cp+0,0x1.1118f924978a8p+0,0x1.21a0ac42ba8b2p+0,0x1.1597010f21937p+0,0,0,946,952,946
77,2x1-in-100,2,2811,1000,1000,0,0,0x1.2175f281486c2p+0,0x1.c47063a7e8adcp-1,0x1.18d59314d94cep+0,0x1.a4970ff704d08p-3,0x1.3a5fdf14734e4p-3,0x1.bb403ae71e624p-3,0x1.32c6fee3ada70p+0,0x1.34cdb4daa5de8p+0,0x1.2dd6d9b41d8d0p+0,0x1.1f4b03ac0f886p+0,0x1.40cbfd26f54d2p+0,0x1.27226754fe122p+0,2,14,869,911,870
77,1x1-in-1000,1,4403,1000,1000,0,0,0x1.d6104582a2968p-1,0x1.cec724ee46831p-1,0x1.05267086f950ep+0,0x1.56120c34ceb64p-3,0x1.4193ef5d1f664p-3,0x1.9b8a6f05b5084p-3,0x1.2695f705560dap+0,0x1.2db1f5aa4913fp+0,0x1.2dc3a5995b4bap+0,0x1.21220e7a238bbp+0,0x1.39d9f678c22dep+0,0x1.264a9dc2c6f32p+0,0,2,914,913,894
77,2x1-in-1000,2,4403,1000,1000,1,0,0x1.d0dd6b10850aep+0,0x1.a4ccaa8c6b006p+0,0x1.e340289452066p+0,0x1.52418d21046e6p-2,0x1.23d6ad7545400p-2,0x1.7b97161c5f90ap-2,0x1.4d78972eaaa7ap+0,0x1.58c31945fe93fp+0,0x1.5473a38fb410ap+0,0x1.3b1fe43b2c0a1p+0,0x1.6eb8da915ce88p+0,0x1.41fc563dec21ep+0,176,455,717,717,613
78,none,0,0,1000,1000,0,0,0x0.0000000000000p+0,0x0.0000000000000p+0,0x0.0000000000000p+0,0x0.0000000000000p+0,0x0.0000000000000p+0,0x0.0000000000000p+0,0x1.0000000000000p+0,0x1.0000000000000p+0,0x1.0000000000000p+0,0x1.0000000000000p+0,0x1.0000000000000p+0,0x1.0000000000000p+0,0,0,950,942,953
78,1x1-in-100,1,28,1000,1000,0,0,0x1.70074d7a4f8a2p-2,0x1.40f167209f686p-2,0x1.87ddac3103800p-2,0x1.6a9b9a23ff080p-5,0x1.852a853f85a00p-5,0x1.d9988fa5846d0p-5,0x1.0adadf9e4ad4bp+0,0x1.0bae1121331aep+0,0x1.0ee8644c77c5fp+0,0x1.09abc4af05256p+0,0x1.10f697d482010p+0,0x1.0bc451709073cp+0,0,0,954,951,949
78,2x1-in-100,2,28,1000,1000,0,0,0x1.6d3228b1a5004p-1,0x1.31b5d86033002p-1,0x1.78f70988665b8p-1,0x1.67b8572dc6c58p-4,0x1.72e12541cb9e8p-4,0x1.c9de7b977e1e0p-4,0x1.15a5b85c178c4p+0,0x1.1708f0a4ee0c0p+0,0x1.1c87181746298p+0,0x1.1253f09c35f84p+0,0x1.210857eba13bcp+0,0x1.166d5d8a07a8cp+0,0,0,925,928,922
78,1x1-in-1000,1,44,1000,1000,0,0,0x1.2b494143df29ep-1,0x1.4c6ea08f4e08ep-1,0x1.73c11c7fb56dfp-1,0x1.273241ac14fa8p-4,0x1.9467da91836f8p-4,0x1.c32a8a3866560p-4,0x1.10b47aed3d8eap+0,0x1.140aa425bead0p+0,0x1.1eabb9bd1b874p+0,0x1.1439d75b59168p+0,0x1.1fde30342202fp+0,0x1.16d51ec17caa1p+0,0,0,941,922,927
78,2x1-in-1000,2,44,1000,1000,0,0,0x1.28f7000240920p+0,0x1.36a8187ca32ccp+0,0x1.5ed51dd04a4f0p+0,0x1.24c46badf5698p-3,0x1.79c1185d30934p-3,0x1.ac9f95118a5f0p-3,0x1.216abc4598503p+0,0x1.2763704a7f4bep+0,0x1.39b233404f432p+0,0x1.256e92a93e18cp+0,0x1.3d4e6cb79109cp+0,0x1.2a4d4e87cce1ep+0,8,42,862,821,789
79,none,0,0,1000,1000,0,0,0x0.0000000000000p+0,0x0.0000000000000p+0,0x0.0000000000000p+0,0x0.0000000000000p+0,0x0.0000000000000p+0,0x0.0000000000000p+0,0x1.0000000000000p+0,0x1.0000000000000p+0,0x1.0000000000000p+0,0x1.0000000000000p+0,0x1.0000000000000p+0,0x1.0000000000000p+0,0,0,950,951,957
79,1x1-in-100,1,281,1000,1000,0,0,0x1.72e3b7f5fd831p-2,0x1.40f998ec5a4a2p-2,0x1.86d144be46f36p-2,0x1.585aa207b80c0p-5,0x1.292bc644bbe70p-5,0x1.8cffc46f5d730p-5,0x1.0a6d54e3e1d02p+0,0x1.0b010bbc4025bp+0,0x1.0a65cd122de69p+0,0x1.080e63948ae46p+0,0x1.0db5b42a812b2p+0,0x1.0a7f768092128p+0,0,0,941,960,954
79,2x1-in-100,2,281,1000,1000,0,0,0x1.7078cbcd56240p-1,0x1.355c31f0471b5p-1,0x1.7b60e58bd55d2p-1,0x1.56387a17c2898p-4,0x1.1ee9b1be423b8p-4,0x1.82b8d04730948p-4,0x1.14cc0af568128p+0,0x1.15c9507c01697p+0,0x1.1424e5479bf38p+0,0x1.0f7a6e1318eabp+0,0x1.1ae5066c73a49p+0,0x1.1449c02d7459fp+0,0,0,909,944,916
79,1x1-in-1000,1,440,1000,1000,0,0,0x1.29765213c54c6p-1,0x1.3681ccb3c9fa8p-1,0x1.5c37aff6640d6p-1,0x1.14375c26173f8p-4,0x1.1ffc9f551b248p-4,0x1.63533a12f6390p-4,0x1.101773db81511p+0,0x1.1240a69843b3ep+0,0x1.13f243f0726cep+0,0x1.0fdee8975350ep+0,0x1.1814b216040a9p+0,0x1.1317a293b4c6ap+0,0,0,930,942,922
79,2x1-in-1000,2,440,1000,1000,0,0,0x1.2839dcfba3598p+0,0x1.28a05f77bb4d5p+0,0x1.4e9b91f3ef762p+0,0x1.12fc5dbeaeb04p-3,0x1.131c291bf0850p-3,0x1.566d00283f518p-3,0x1.202f51680c88ap+0,0x1.2427b1c07aa99p+0,0x1.263c45fd58f4ap+0,0x1.1e27116c34714p+0,0x1.2f01d2f47f474p+0,0x1.243309c557056p+0,1,4,847,836,791
80,none,0,0,1000,1000,0,0,0x0.0000000000000p+0,0x0.0000000000000p+0,0x0.0000000000000p+0,0x0.0000000000000p+0,0x0.0000000000000p+0,0x0.0000000000000p+0,0x1.0000000000000p+0,0x1.0000000000000p+0,0x1.0000000000000p+0,0x1.0000000000000p+0,0x1.0000000000000p+0,0x1.0000000000000p+0,0,0,953,941,939
80,1x1-in-100,1,2811,1000,1000,0,0,0x1.6e61589b6d0c6p-2,0x1.39b9740bdafb8p-2,0x1.7fa49b3ebcaf0p-2,0x1.54198f983f260p-5,0x1.1338b57960a50p-5,0x1.787b44eafe850p-5,0x1.0a5ac4447a6ccp+0,0x1.0acacbee9afd2p+0,0x1.096976fcda838p+0,0x1.07a11b7352cd1p+0,0x1.0cde5aafd6bcap+0,0x1.0a0bd1c96f3aep+0,0,0,950,945,944
80,2x1-in-100,2,2811,1000,1000,0,0,0x1.6c315194100f4p-1,0x1.2f95722c4a760p-1,0x1.754ce99b4abc6p-1,0x1.5234677dbcea0p-4,0x1.0a59222fc4918p-4,0x1.6f8d4de5a27c0p-4,0x1.14a82a03b5f77p+0,0x1.1563174717ea2p+0,0x1.1247fc77de180p+0,0x1.0eb60c3624da5p+0,0x1.194b19bfbc542p+0,0x1.136fe89e20becp+0,0,0,917,930,924
80,1x1-in-1000,1,4403,1000,1000,0,0,0x1.24b7f73bed3b2p-1,0x1.2e4b2e0b7f4c4p-1,0x1.5404da9d6bfb1p-1,0x1.0f3dacde78490p-4,0x1.079cfb38f9ae8p-4,0x1.4df2594668840p-4,0x1.0ff54fd921f6ap+0,0x1.11d9ab4f87dcdp+0,0x1.11dec20688b14p+0,0x1.0ed342a211872p+0,0x1.1683e3eb9b90fp+0,0x1.122c73afc486cp+0,0,0,929,929,930
80,2x1-in-1000,2,4403,1000,1000,0,0,0x1.23b9f6b329543p+0,0x1.2246dd05e0028p+0,0x1.4843e67fbadbep+0,0x1.0e4b5e084fd34p-3,0x1.fa741ee4c2bc0p-4,0x1.43a77c1514c40p-3,0x1.1feeeae7aecd3p+0,0x1.23677af87bfcbp+0,0x1.2270dc8ef4cdcp+0,0x1.1c4cc940e6ae4p+0,0x1.2c19f5394bde2p+0,0x1.22b20dabe25fap+0,2,5,851,841,808
